2000 mVs,SCAN RATE,2000.0
T,Vf,Im
0.001,-0.639092,-0.000325149
0.002,-0.640925,-0.000516903
0.003,-0.642958,-0.000650298
0.004,-0.645025,-0.000675309
0.005,-0.646975,-0.000850389
0.006,-0.64895,-0.000825378
0.007,-0.651008,-0.00096711
0.008,-0.652958,-0.000975447
0.009,-0.654933,-0.00100046
0.01,-0.65695,-0.00105882
0.011,-0.659025,-0.00103381
0.012,-0.660983,-0.0011005
0.013,-0.663192,-0.00119221
0.014,-0.665017,-0.00120055
0.015,-0.667167,-0.00134228
0.016,-0.669033,-0.00138397
0.017,-0.671208,-0.00125891
0.018,-0.673067,-0.00133394
0.019,-0.675125,-0.00135062
0.02,-0.677283,-0.0013923
0.021,-0.679067,-0.00136729
0.022,-0.68095,-0.00135896
0.023,-0.683117,-0.0013923
0.024,-0.685033,-0.00135062
0.025,-0.687042,-0.00147568
0.026,-0.688967,-0.00140064
0.027,-0.69085,-0.00149235
0.028,-0.693,-0.00146734
0.029,-0.695083,-0.00143399
0.03,-0.697033,-0.0015257
0.031,-0.698883,-0.00150902
0.032,-0.700958,-0.0015257
0.033,-0.703167,-0.00148401
0.034,-0.704925,-0.00160907
0.035,-0.706983,-0.0015924
0.036,-0.708942,-0.00154237
0.037,-0.710992,-0.00161741
0.038,-0.713,-0.00157572
0.039,-0.71495,-0.00166743
0.04,-0.717133,-0.00165076
0.041,-0.719133,-0.0015924
0.042,-0.721008,-0.00165909
0.043,-0.723133,-0.00162574
0.044,-0.72515,-0.00161741
0.045,-0.7272,-0.00171745
0.046,-0.729033,-0.00161741
0.047,-0.731025,-0.00166743
0.048,-0.733017,-0.00166743
0.049,-0.735058,-0.00163408
0.05,-0.736992,-0.00176748
0.051,-0.73895,-0.00165909
0.052,-0.740933,-0.0017508
0.053,-0.743125,-0.0017508
0.054,-0.744967,-0.00169244
0.055,-0.746783,-0.00176748
0.056,-0.748933,-0.00175914
0.057,-0.751208,-0.00174246
0.058,-0.752958,-0.00180082
0.059,-0.754783,-0.00175914
0.06,-0.756975,-0.00176748
0.061,-0.758967,-0.00180082
0.062,-0.760967,-0.0018175
0.063,-0.762975,-0.00180082
0.064,-0.764992,-0.00178415
0.065,-0.767133,-0.00185918
0.066,-0.769008,-0.00185918
0.067,-0.770933,-0.0018175
0.068,-0.773017,-0.00180916
0.069,-0.77525,-0.00190921
0.07,-0.777017,-0.00190087
0.071,-0.779092,-0.00186752
0.072,-0.781067,-0.00183417
0.073,-0.783067,-0.00190921
0.074,-0.785,-0.00195089
0.075,-0.787,-0.00187586
0.076,-0.789008,-0.00190921
0.077,-0.791058,-0.00186752
0.078,-0.793,-0.00194256
0.079,-0.794767,-0.00201759
0.08,-0.796933,-0.0019759
0.081,-0.799158,-0.00187586
0.082,-0.800908,-0.00196757
0.083,-0.802733,-0.00200092
0.084,-0.805175,-0.00201759
0.085,-0.80695,-0.00199258
0.086,-0.808917,-0.0019759
0.087,-0.810892,-0.00201759
0.088,-0.812925,-0.00200925
0.089,-0.814992,-0.00203427
0.09,-0.816942,-0.00210096
0.091,-0.818875,-0.00209263
0.092,-0.821,-0.00211764
0.093,-0.8232,-0.00211764
0.094,-0.825017,-0.00209263
0.095,-0.827158,-0.0021093
0.096,-0.829125,-0.00209263
0.097,-0.831242,-0.00208429
0.098,-0.832983,-0.00209263
0.099,-0.834933,-0.00213431
0.1,-0.836975,-0.00213431
0.101,-0.83905,-0.00215932
0.102,-0.841033,-0.002176
0.103,-0.842842,-0.00216766
0.104,-0.84495,-0.00222602
0.105,-0.847183,-0.002176
0.106,-0.8489,-0.00220935
0.107,-0.8508,-0.00225937
0.108,-0.852892,-0.00220101
0.109,-0.855192,-0.00225103
0.11,-0.856958,-0.00229272
0.111,-0.858892,-0.00229272
0.112,-0.860892,-0.00227604
0.113,-0.862892,-0.00226771
0.114,-0.864908,-0.00229272
0.115,-0.866892,-0.00231773
0.116,-0.868942,-0.0023344
0.117,-0.870933,-0.00228438
0.118,-0.872967,-0.00238443
0.119,-0.874983,-0.00234274
0.12,-0.877042,-0.00237609
0.121,-0.879208,-0.00240944
0.122,-0.881133,-0.00242611
0.123,-0.882775,-0.00241777
0.124,-0.885,-0.00243445
0.125,-0.887067,-0.00243445
0.126,-0.889,-0.00249281
0.127,-0.890933,-0.00249281
0.128,-0.892975,-0.00254283
0.129,-0.895025,-0.00249281
0.13,-0.896967,-0.00260119
0.131,-0.898783,-0.00256784
0.132,-0.900958,-0.0026262
0.133,-0.902842,-0.00259285
0.134,-0.904958,-0.0026262
0.135,-0.906792,-0.00257618
0.136,-0.9089,-0.00261787
0.137,-0.910925,-0.00255951
0.138,-0.912908,-0.00265121
0.139,-0.914833,-0.00263454
0.14,-0.916942,-0.00267623
0.141,-0.918883,-0.00270957
0.142,-0.920908,-0.00270124
0.143,-0.922883,-0.00270124
0.144,-0.924983,-0.00275126
0.145,-0.92685,-0.00267623
0.146,-0.928983,-0.00272625
0.147,-0.930933,-0.00280128
0.148,-0.932967,-0.00284297
0.149,-0.93495,-0.00280962
0.15,-0.936967,-0.00279295
0.151,-0.938925,-0.00283463
0.152,-0.940958,-0.00285964
0.153,-0.942983,-0.00282629
0.154,-0.944975,-0.00290133
0.155,-0.94695,-0.00294301
0.156,-0.948917,-0.00282629
0.157,-0.951075,-0.00290967
0.158,-0.952967,-0.002918
0.159,-0.95485,-0.00288465
0.16,-0.95695,-0.00300971
0.161,-0.958975,-0.00297636
0.162,-0.960875,-0.00295969
0.163,-0.962867,-0.00295135
0.164,-0.964808,-0.00302639
0.165,-0.966892,-0.00303472
0.166,-0.968933,-0.0029847
0.167,-0.970767,-0.00300971
0.168,-0.97295,-0.00304306
0.169,-0.974833,-0.00300137
0.17,-0.97695,-0.00308475
0.171,-0.978767,-0.00311809
0.172,-0.980967,-0.00309308
0.173,-0.983092,-0.00310976
0.174,-0.985,-0.00317645
0.175,-0.987017,-0.00314311
0.176,-0.988933,-0.00323481
0.177,-0.991,-0.00322648
0.178,-0.992975,-0.00319313
0.179,-0.994925,-0.00313477
0.18,-0.997033,-0.00323481
0.181,-0.999058,-0.00326816
0.182,-1.00102,-0.00333486
0.183,-1.00275,-0.00328484
0.184,-1.00486,-0.00332652
0.185,-1.00715,-0.0032765
0.186,-1.00896,-0.00330985
0.187,-1.01068,-0.00325983
0.188,-1.01291,-0.00335153
0.189,-1.01489,-0.00331819
0.19,-1.01685,-0.0033432
0.191,-1.01887,-0.0033432
0.192,-1.02084,-0.00335987
0.193,-1.02303,-0.00332652
0.194,-1.02494,-0.00335153
0.195,-1.0268,-0.00345158
0.196,-1.02887,-0.00338488
0.197,-1.03108,-0.00339322
0.198,-1.03292,-0.00345992
0.199,-1.03494,-0.00337655
0.2,-1.03692,-0.00342657
0.201,-1.03899,-0.00347659
0.202,-1.04092,-0.00345158
0.203,-1.04293,-0.00349327
0.204,-1.04498,-0.00353495
0.205,-1.04717,-0.0035016
0.206,-1.04896,-0.00352661
0.207,-1.05094,-0.00352661
0.208,-1.05295,-0.00355996
0.209,-1.05513,-0.00360999
0.21,-1.05693,-0.00354329
0.211,-1.05875,-0.00357664
0.212,-1.06093,-0.0035683
0.213,-1.06286,-0.00354329
0.214,-1.06485,-0.00358497
0.215,-1.06683,-0.00364334
0.216,-1.0689,-0.00364334
0.217,-1.07082,-0.00358497
0.218,-1.07288,-0.00360999
0.219,-1.0748,-0.00371837
0.22,-1.07692,-0.00366835
0.221,-1.07895,-0.00372671
0.222,-1.08094,-0.00365167
0.223,-1.08288,-0.00366835
0.224,-1.08491,-0.00368502
0.225,-1.08724,-0.0037017
0.226,-1.08891,-0.00372671
0.227,-1.09095,-0.00381008
0.228,-1.09298,-0.00366835
0.229,-1.09511,-0.0037017
0.23,-1.09699,-0.00378507
0.231,-1.09897,-0.00376839
0.232,-1.10092,-0.00383509
0.233,-1.10312,-0.00382675
0.234,-1.10495,-0.00373504
0.235,-1.1069,-0.00376839
0.236,-1.10896,-0.00387678
0.237,-1.11116,-0.00383509
0.238,-1.11293,-0.00380174
0.239,-1.11486,-0.00382675
0.24,-1.11682,-0.00396015
0.241,-1.11891,-0.00388511
0.242,-1.12085,-0.00386844
0.243,-1.12278,-0.00381008
0.244,-1.12492,-0.00388511
0.245,-1.12688,-0.00391012
0.246,-1.12894,-0.00391012
0.247,-1.13082,-0.00385176
0.248,-1.13293,-0.00395181
0.249,-1.13511,-0.00396848
0.25,-1.13688,-0.00398516
0.251,-1.13872,-0.00389345
0.252,-1.14092,-0.00401017
0.253,-1.14291,-0.00393514
0.254,-1.14492,-0.00401017
0.255,-1.14689,-0.00401851
0.256,-1.149,-0.00411855
0.257,-1.1511,-0.00401017
0.258,-1.15291,-0.00406019
0.259,-1.1549,-0.00402684
0.26,-1.15695,-0.00403518
0.261,-1.15912,-0.00412689
0.262,-1.16098,-0.00409354
0.263,-1.16289,-0.00410188
0.264,-1.16486,-0.00411022
0.265,-1.16681,-0.00407687
0.266,-1.16889,-0.00413523
0.267,-1.17072,-0.00410188
0.268,-1.17291,-0.00421026
0.269,-1.17476,-0.00413523
0.27,-1.17686,-0.00414356
0.271,-1.17872,-0.00418525
0.272,-1.18088,-0.00422694
0.273,-1.18287,-0.00419359
0.274,-1.18498,-0.00423527
0.275,-1.18672,-0.00425195
0.276,-1.18897,-0.00421026
0.277,-1.19079,-0.00421026
0.278,-1.19286,-0.00424361
0.279,-1.19488,-0.00423527
0.28,-1.19692,-0.00427696
0.281,-1.19888,-0.00429363
0.282,-1.20097,-0.00431031
0.283,-1.20272,-0.00430197
0.284,-1.20499,-0.00435199
0.285,-1.20698,-0.00436867
0.286,-1.209,-0.00441035
0.287,-1.21073,-0.00439368
0.288,-1.21295,-0.00435199
0.289,-1.21506,-0.00441035
0.29,-1.21687,-0.00443536
0.291,-1.21878,-0.00439368
0.292,-1.22085,-0.00446871
0.293,-1.22271,-0.00441035
0.294,-1.22487,-0.00446871
0.295,-1.2267,-0.0045104
0.296,-1.22887,-0.00450206
0.297,-1.23074,-0.00459377
0.298,-1.23292,-0.00456042
0.299,-1.23472,-0.0045771
0.3,-1.2369,-0.00456876
0.301,-1.23885,-0.00463546
0.302,-1.24093,-0.00458543
0.303,-1.24282,-0.0045771
0.304,-1.24487,-0.00466047
0.305,-1.24682,-0.00468548
0.306,-1.24882,-0.00465213
0.307,-1.25081,-0.00468548
0.308,-1.25291,-0.00477719
0.309,-1.25491,-0.00479386
0.31,-1.25697,-0.00475218
0.311,-1.25881,-0.00469382
0.312,-1.26091,-0.00476885
0.313,-1.26307,-0.00483555
0.314,-1.2649,-0.00491892
0.315,-1.26672,-0.00490225
0.316,-1.26884,-0.00487723
0.317,-1.2708,-0.00488557
0.318,-1.27288,-0.00487723
0.319,-1.2748,-0.00494393
0.32,-1.27678,-0.00489391
0.321,-1.27882,-0.00495227
0.322,-1.28084,-0.00499395
0.323,-1.28263,-0.00498562
0.324,-1.28487,-0.00505231
0.325,-1.28693,-0.00501897
0.326,-1.28891,-0.00504398
0.327,-1.29081,-0.00504398
0.328,-1.29281,-0.00516903
0.329,-1.29478,-0.005094
0.33,-1.29685,-0.00508566
0.331,-1.2987,-0.00515236
0.332,-1.30083,-0.00521906
0.333,-1.30288,-0.00527742
0.334,-1.30493,-0.00527742
0.335,-1.30687,-0.00527742
0.336,-1.3089,-0.00532744
0.337,-1.311,-0.00532744
0.338,-1.31295,-0.0053191
0.339,-1.31475,-0.00540247
0.34,-1.31695,-0.00542749
0.341,-1.31893,-0.00544416
0.342,-1.32084,-0.00539414
0.343,-1.32281,-0.00548585
0.344,-1.32482,-0.00551086
0.345,-1.32675,-0.00546917
0.346,-1.32885,-0.00555254
0.347,-1.33068,-0.00559423
0.348,-1.33276,-0.00573596
0.349,-1.33473,-0.0056776
0.35,-1.33689,-0.00572762
0.351,-1.33884,-0.00568594
0.352,-1.34088,-0.00571929
0.353,-1.34287,-0.00581933
0.354,-1.34482,-0.00576097
0.355,-1.34669,-0.00587769
0.356,-1.34882,-0.00584434
0.357,-1.35069,-0.00589437
0.358,-1.35287,-0.00598607
0.359,-1.35467,-0.00592771
0.36,-1.35682,-0.00609446
0.361,-1.35891,-0.00607778
0.362,-1.36095,-0.00608612
0.363,-1.36272,-0.00608612
0.364,-1.36479,-0.00629455
0.365,-1.36695,-0.00621952
0.366,-1.36892,-0.00631122
0.367,-1.37088,-0.0062612
0.368,-1.37286,-0.00627788
0.369,-1.37478,-0.00634457
0.37,-1.37683,-0.0063946
0.371,-1.37867,-0.00644462
0.372,-1.38075,-0.00651132
0.373,-1.3827,-0.00658635
0.374,-1.3849,-0.00663637
0.375,-1.38668,-0.00662804
0.376,-1.38878,-0.00666138
0.377,-1.39099,-0.00671141
0.378,-1.39286,-0.00682813
0.379,-1.39469,-0.00691984
0.38,-1.39678,-0.00694485
0.381,-1.39877,-0.0070699
0.382,-1.40083,-0.0071366
0.383,-1.40272,-0.00715328
0.384,-1.40486,-0.00727833
0.385,-1.40684,-0.0071366
0.386,-1.40888,-0.00726166
0.387,-1.41068,-0.00738672
0.388,-1.41285,-0.00743674
0.389,-1.41505,-0.00754512
0.39,-1.41695,-0.00767852
0.391,-1.4188,-0.00767852
0.392,-1.42087,-0.00770353
0.393,-1.42282,-0.00783692
0.394,-1.42489,-0.00790362
0.395,-1.42685,-0.00805369
0.396,-1.4288,-0.00810371
0.397,-1.43074,-0.00822043
0.398,-1.43286,-0.00836216
0.399,-1.43465,-0.00832881
0.4,-1.43682,-0.00860394
0.401,-1.43881,-0.00857059
0.402,-1.44087,-0.00863729
0.403,-1.44267,-0.00874567
0.404,-1.4449,-0.00886239
0.405,-1.44669,-0.00898745
0.406,-1.44876,-0.00911251
0.407,-1.4507,-0.0092459
0.408,-1.45281,-0.00935428
0.409,-1.45471,-0.009471
0.41,-1.45683,-0.00963775
0.411,-1.4587,-0.00974613
0.412,-1.46081,-0.00991287
0.413,-1.46297,-0.0100546
0.414,-1.46495,-0.0102547
0.415,-1.46667,-0.0104965
0.416,-1.46882,-0.0106382
0.417,-1.47093,-0.0105965
0.418,-1.47292,-0.0108133
0.419,-1.47484,-0.0109717
0.42,-1.47687,-0.0111801
0.421,-1.47884,-0.0113719
0.422,-1.48092,-0.0114969
0.423,-1.48268,-0.0116553
0.424,-1.48479,-0.0117637
0.425,-1.48672,-0.0118804
0.426,-1.48883,-0.0120055
0.427,-1.49068,-0.0121389
0.428,-1.49276,-0.0123557
0.429,-1.4947,-0.0124807
0.43,-1.49689,-0.0127392
0.431,-1.49878,-0.0128976
0.432,-1.5007,-0.0131977
0.433,-1.50279,-0.0134228
0.434,-1.5048,-0.0135645
0.435,-1.50671,-0.0136396
0.436,-1.50885,-0.0138897
0.437,-1.51072,-0.0139814
0.438,-1.51285,-0.0142815
0.439,-1.51468,-0.0144399
0.44,-1.5168,-0.01464
0.441,-1.51875,-0.0148401
0.442,-1.52095,-0.0149485
0.443,-1.52268,-0.0151403
0.444,-1.52487,-0.0154237
0.445,-1.52682,-0.0156488
0.446,-1.52888,-0.0157906
0.447,-1.53087,-0.0160323
0.448,-1.53278,-0.0162825
0.449,-1.53477,-0.0165076
0.45,-1.53684,-0.0166159
0.451,-1.53865,-0.0169578
0.452,-1.54075,-0.0170411
0.453,-1.54272,-0.0173163
0.454,-1.54472,-0.0176664
0.455,-1.54666,-0.0178582
0.456,-1.54874,-0.0180749
0.457,-1.55077,-0.0183918
0.458,-1.55272,-0.0185918
0.459,-1.55479,-0.0189503
0.46,-1.55673,-0.0191754
0.461,-1.55867,-0.0194422
0.462,-1.56079,-0.0196423
0.463,-1.56267,-0.0200342
0.464,-1.56472,-0.0203093
0.465,-1.56669,-0.0205678
0.466,-1.56887,-0.0208679
0.467,-1.57063,-0.021068
0.468,-1.57292,-0.0214015
0.469,-1.57475,-0.0216516
0.47,-1.57682,-0.0221518
0.471,-1.57882,-0.0227854
0.472,-1.58087,-0.0233857
0.473,-1.58282,-0.0241694
0.474,-1.58481,-0.0252115
0.475,-1.58667,-0.0264288
0.476,-1.58875,-0.0280378
0.477,-1.5907,-0.0297386
0.478,-1.59277,-0.0316728
0.479,-1.59463,-0.0337655
0.48,-1.59673,-0.0359915
0.481,-1.59872,-0.0383259
0.482,-1.60076,-0.040677
0.483,-1.60264,-0.0431364
0.484,-1.60472,-0.0457543
0.485,-1.60666,-0.0485306
0.486,-1.60872,-0.0515569
0.487,-1.61062,-0.0549585
0.488,-1.61263,-0.0586268
0.489,-1.61463,-0.0623369
0.49,-1.61672,-0.066197
0.491,-1.61865,-0.0699654
0.492,-1.62067,-0.0736421
0.493,-1.62267,-0.0770603
0.494,-1.62486,-0.0804952
0.495,-1.62672,-0.0837217
0.496,-1.62873,-0.0866147
0.497,-1.63076,-0.089516
0.498,-1.63277,-0.0923006
0.499,-1.63475,-0.0948851
0.5,-1.63672,-0.0972862
0.501,-1.63867,-0.099704
0.502,-1.64073,-0.102022
0.503,-1.64265,-0.104181
0.504,-1.64466,-0.106265
0.505,-1.6466,-0.10835
0.506,-1.64877,-0.110384
0.507,-1.6506,-0.112326
0.508,-1.65257,-0.114077
0.509,-1.65454,-0.115645
0.51,-1.65657,-0.116979
0.511,-1.65856,-0.117987
0.512,-1.6606,-0.118829
0.513,-1.66258,-0.119246
0.514,-1.66478,-0.119621
0.515,-1.6666,-0.119705
0.516,-1.66855,-0.119488
0.517,-1.67062,-0.119238
0.518,-1.67282,-0.118729
0.519,-1.67464,-0.118079
0.52,-1.67649,-0.117295
0.521,-1.67863,-0.116378
0.522,-1.6807,-0.115428
0.523,-1.68265,-0.114486
0.524,-1.68468,-0.113435
0.525,-1.6867,-0.112151
0.526,-1.68886,-0.110876
0.527,-1.69065,-0.109592
0.528,-1.69273,-0.10825
0.529,-1.69458,-0.107074
0.53,-1.69676,-0.105773
0.531,-1.69867,-0.104465
0.532,-1.70075,-0.103297
0.533,-1.70257,-0.10203
0.534,-1.70465,-0.100921
0.535,-1.70661,-0.0997457
0.536,-1.70865,-0.0985451
0.537,-1.71065,-0.0973779
0.538,-1.71266,-0.0963941
0.539,-1.71459,-0.0952936
0.54,-1.71655,-0.0942598
0.541,-1.71862,-0.0933011
0.542,-1.7207,-0.0922089
0.543,-1.7226,-0.0912751
0.544,-1.72472,-0.0903414
0.545,-1.72663,-0.0894827
0.546,-1.72862,-0.0886489
0.547,-1.73065,-0.0877402
0.548,-1.73267,-0.0870232
0.549,-1.73467,-0.0861478
0.55,-1.73674,-0.0854475
0.551,-1.73863,-0.0846554
0.552,-1.74074,-0.0840218
0.553,-1.74272,-0.0834132
0.554,-1.74478,-0.0827296
0.555,-1.74663,-0.0821126
0.556,-1.74862,-0.0815207
0.557,-1.75072,-0.0809788
0.558,-1.75277,-0.0804035
0.559,-1.75458,-0.0798116
0.56,-1.75661,-0.079253
0.561,-1.75852,-0.078711
0.562,-1.76058,-0.0782859
0.563,-1.76253,-0.0777023
0.564,-1.76463,-0.077252
0.565,-1.76661,-0.0769519
0.566,-1.76875,-0.0765267
0.567,-1.77058,-0.0759681
0.568,-1.7725,-0.0756096
0.569,-1.77461,-0.0752094
0.57,-1.77675,-0.0748259
0.571,-1.7786,-0.0744924
0.572,-1.78065,-0.0740506
0.573,-1.78262,-0.0738588
0.574,-1.78463,-0.0733586
0.575,-1.78663,-0.0730084
0.576,-1.78876,-0.0727667
0.577,-1.79063,-0.0724332
0.578,-1.79284,-0.072158
0.579,-1.7946,-0.0717912
0.58,-1.7966,-0.0714327
0.581,-1.79867,-0.0712326
0.582,-1.80083,-0.0709325
0.583,-1.80255,-0.0706907
0.584,-1.80452,-0.0703489
0.585,-1.80658,-0.0698653
0.586,-1.80859,-0.0697153
0.587,-1.81058,-0.0693651
0.588,-1.8126,-0.0691483
0.589,-1.81454,-0.0689316
0.59,-1.81653,-0.0685397
0.591,-1.8186,-0.0683146
0.592,-1.82047,-0.0680145
0.593,-1.8226,-0.0677894
0.594,-1.82483,-0.0675559
0.595,-1.82657,-0.0673308
0.596,-1.82853,-0.0670974
0.597,-1.83058,-0.0668806
0.598,-1.83257,-0.0666305
0.599,-1.83461,-0.0665055
0.6,-1.83662,-0.066197
0.601,-1.83865,-0.0660553
0.602,-1.84078,-0.0658552
0.603,-1.8426,-0.0657051
0.604,-1.84472,-0.0653883
0.605,-1.84665,-0.0651131
0.606,-1.84887,-0.0648964
0.607,-1.85062,-0.0646796
0.608,-1.85271,-0.0644962
0.609,-1.85498,-0.0645629
0.61,-1.85658,-0.0642711
0.611,-1.85861,-0.064146
0.612,-1.86058,-0.0638542
0.613,-1.86265,-0.0636708
0.614,-1.86453,-0.0635874
0.615,-1.86662,-0.063329
0.616,-1.86853,-0.0633707
0.617,-1.87055,-0.0632039
0.618,-1.87273,-0.0629038
0.619,-1.8746,-0.0627787
0.62,-1.87651,-0.0626037
0.621,-1.87864,-0.0625036
0.622,-1.8807,-0.0622118
0.623,-1.88262,-0.0621368
0.624,-1.88452,-0.0623369
0.625,-1.88662,-0.0623035
0.626,-1.88869,-0.0621868
0.627,-1.89066,-0.0622202
0.628,-1.89262,-0.0619784
0.629,-1.89468,-0.0617366
0.63,-1.89681,-0.0615865
0.631,-1.89863,-0.0614198
0.632,-1.90068,-0.0612697
0.633,-1.90279,-0.061178
0.634,-1.90476,-0.0610696
0.635,-1.90662,-0.0610363
0.636,-1.90865,-0.0608529
0.637,-1.91057,-0.0610613
0.638,-1.91263,-0.061053
0.639,-1.91457,-0.061103
0.64,-1.91657,-0.0610029
0.641,-1.91853,-0.0609362
0.642,-1.92072,-0.0610196
0.643,-1.92255,-0.0606945
0.644,-1.92448,-0.0605027
0.645,-1.92662,-0.0603443
0.646,-1.9287,-0.0602693
0.647,-1.93057,-0.0603443
0.648,-1.9324,-0.0602943
0.649,-1.93457,-0.0603026
0.65,-1.93667,-0.0600025
0.651,-1.93857,-0.0598941
0.652,-1.94072,-0.0598941
0.653,-1.94254,-0.0599441
0.654,-1.94475,-0.0598274
0.655,-1.9466,-0.059619
0.656,-1.94867,-0.0595606
0.657,-1.95062,-0.0596607
0.658,-1.95285,-0.0595523
0.659,-1.95465,-0.059594
0.66,-1.95681,-0.0600025
0.661,-1.95865,-0.0598024
0.662,-1.96069,-0.059669
0.663,-1.96259,-0.059594
0.664,-1.96457,-0.0598357
0.665,-1.9666,-0.0600692
0.666,-1.9685,-0.0600692
0.667,-1.97062,-0.0598941
0.668,-1.97254,-0.0599941
0.669,-1.97455,-0.0600192
0.67,-1.97656,-0.0600275
0.671,-1.97854,-0.0602443
0.672,-1.98046,-0.0604277
0.673,-1.9826,-0.0605777
0.674,-1.98452,-0.0610113
0.675,-1.9865,-0.0621451
0.676,-1.98853,-0.0630455
0.677,-1.99053,-0.0631789
0.678,-1.99266,-0.0631539
0.679,-1.9946,-0.0630205
0.68,-1.99653,-0.063379
0.681,-1.99459,-0.0619951
0.682,-1.99267,-0.0612197
0.683,-1.99062,-0.0604527
0.684,-1.98862,-0.0595106
0.685,-1.9866,-0.0585101
0.686,-1.9846,-0.0578432
0.687,-1.98265,-0.0572095
0.688,-1.98062,-0.0566343
0.689,-1.97855,-0.0562258
0.69,-1.97663,-0.0556171
0.691,-1.97459,-0.0549668
0.692,-1.97242,-0.0544166
0.693,-1.97053,-0.0539497
0.694,-1.96858,-0.0535745
0.695,-1.96649,-0.0530576
0.696,-1.96452,-0.052449
0.697,-1.96252,-0.0519988
0.698,-1.96049,-0.051732
0.699,-1.95856,-0.0513985
0.7,-1.95654,-0.05104
0.701,-1.95455,-0.0507149
0.702,-1.95265,-0.0503731
0.703,-1.95052,-0.0499812
0.704,-1.94857,-0.0494893
0.705,-1.94657,-0.0493059
0.706,-1.94462,-0.0488474
0.707,-1.94259,-0.0485055
0.708,-1.94064,-0.0480887
0.709,-1.93862,-0.0477552
0.71,-1.93663,-0.0475301
0.711,-1.93465,-0.0471633
0.712,-1.93254,-0.0468214
0.713,-1.93064,-0.046588
0.714,-1.92877,-0.0463462
0.715,-1.92667,-0.0460377
0.716,-1.92449,-0.0455792
0.717,-1.92262,-0.0452457
0.718,-1.92076,-0.0448372
0.719,-1.91857,-0.0444954
0.72,-1.91648,-0.0442036
0.721,-1.91453,-0.0440118
0.722,-1.91254,-0.0438201
0.723,-1.91052,-0.0434782
0.724,-1.90857,-0.0432698
0.725,-1.9066,-0.0428363
0.726,-1.90465,-0.0424945
0.727,-1.90267,-0.0422527
0.728,-1.90042,-0.0419275
0.729,-1.89857,-0.0417441
0.73,-1.89656,-0.0413606
0.731,-1.89462,-0.0411605
0.732,-1.89251,-0.0409938
0.733,-1.89062,-0.040727
0.734,-1.88863,-0.0405436
0.735,-1.88664,-0.0402101
0.736,-1.88467,-0.04006
0.737,-1.88265,-0.0397432
0.738,-1.88082,-0.0395348
0.739,-1.87866,-0.039318
0.74,-1.87668,-0.0391263
0.741,-1.87462,-0.0389012
0.742,-1.87281,-0.038676
0.743,-1.87061,-0.0384259
0.744,-1.86862,-0.0382842
0.745,-1.86658,-0.0379674
0.746,-1.86452,-0.0378423
0.747,-1.86251,-0.0376256
0.748,-1.86056,-0.0374922
0.749,-1.85856,-0.037217
0.75,-1.85653,-0.0370586
0.751,-1.85458,-0.0368585
0.752,-1.85257,-0.0365501
0.753,-1.85057,-0.0363917
0.754,-1.84863,-0.036325
0.755,-1.84662,-0.0361749
0.756,-1.84458,-0.0360248
0.757,-1.84257,-0.0358498
0.758,-1.84074,-0.0356913
0.759,-1.83858,-0.0354329
0.76,-1.83664,-0.0353078
0.761,-1.83463,-0.035041
0.762,-1.83258,-0.0349994
0.763,-1.83067,-0.0346409
0.764,-1.82867,-0.0345325
0.765,-1.82662,-0.0343657
0.766,-1.8248,-0.0343324
0.767,-1.82257,-0.0341406
0.768,-1.82068,-0.0340156
0.769,-1.81864,-0.0339155
0.77,-1.81682,-0.0337988
0.771,-1.8146,-0.033582
0.772,-1.81258,-0.0334153
0.773,-1.81058,-0.0332819
0.774,-1.80847,-0.0331568
0.775,-1.80652,-0.0331152
0.776,-1.80441,-0.0327984
0.777,-1.80253,-0.03269
0.778,-1.80083,-0.0325899
0.779,-1.79857,-0.0323815
0.78,-1.79658,-0.0323565
0.781,-1.79457,-0.0321397
0.782,-1.79272,-0.0320897
0.783,-1.79055,-0.0319813
0.784,-1.78855,-0.0317729
0.785,-1.78656,-0.0317479
0.786,-1.7846,-0.0315811
0.787,-1.78257,-0.0314978
0.788,-1.78067,-0.0314311
0.789,-1.77865,-0.0311976
0.79,-1.77686,-0.0311226
0.791,-1.77473,-0.0310809
0.792,-1.77257,-0.0308225
0.793,-1.77061,-0.0306891
0.794,-1.76881,-0.030514
0.795,-1.76667,-0.030514
0.796,-1.76459,-0.0304306
0.797,-1.76263,-0.0302722
0.798,-1.76059,-0.0301972
0.799,-1.7586,-0.0300221
0.8,-1.75657,-0.0299304
0.801,-1.75459,-0.0298637
0.802,-1.75283,-0.0296219
0.803,-1.75061,-0.0294718
0.804,-1.74874,-0.0294135
0.805,-1.74655,-0.0293718
0.806,-1.74484,-0.02918
0.807,-1.74258,-0.0291467
0.808,-1.74057,-0.0290716
0.809,-1.73857,-0.0289383
0.81,-1.73664,-0.0288299
0.811,-1.73462,-0.0286715
0.812,-1.73259,-0.0285214
0.813,-1.73059,-0.0283463
0.814,-1.72864,-0.028288
0.815,-1.72669,-0.0282129
0.816,-1.72473,-0.0280295
0.817,-1.72263,-0.0279295
0.818,-1.72086,-0.0278044
0.819,-1.71879,-0.027696
0.82,-1.71671,-0.0276627
0.821,-1.71465,-0.0275043
0.822,-1.71282,-0.0274042
0.823,-1.71062,-0.0273208
0.824,-1.7086,-0.0271958
0.825,-1.70657,-0.0269623
0.826,-1.70452,-0.0267539
0.827,-1.70257,-0.0266205
0.828,-1.70072,-0.0265288
0.829,-1.69852,-0.026237
0.83,-1.69682,-0.0262454
0.831,-1.69459,-0.0259702
0.832,-1.69267,-0.0258952
0.833,-1.69056,-0.0257118
0.834,-1.68854,-0.0255534
0.835,-1.68655,-0.0253033
0.836,-1.68461,-0.0251949
0.837,-1.6826,-0.0248947
0.838,-1.68062,-0.024753
0.839,-1.67862,-0.0245863
0.84,-1.6765,-0.0243111
0.841,-1.67458,-0.024061
0.842,-1.67259,-0.0237359
0.843,-1.67063,-0.0235441
0.844,-1.6687,-0.0232106
0.845,-1.6667,-0.0230022
0.846,-1.66481,-0.0227187
0.847,-1.66267,-0.0223352
0.848,-1.66061,-0.0220851
0.849,-1.65857,-0.0217516
0.85,-1.65666,-0.0213681
0.851,-1.65463,-0.0209763
0.852,-1.65255,-0.0205594
0.853,-1.6506,-0.0201676
0.854,-1.64877,-0.0197841
0.855,-1.64655,-0.0192005
0.856,-1.64455,-0.0187669
0.857,-1.64258,-0.018275
0.858,-1.64079,-0.0177831
0.859,-1.6386,-0.0172412
0.86,-1.63663,-0.0166159
0.861,-1.63461,-0.0161324
0.862,-1.63268,-0.0153987
0.863,-1.63063,-0.0147568
0.864,-1.62867,-0.0140398
0.865,-1.62665,-0.0134228
0.866,-1.62483,-0.0127392
0.867,-1.62268,-0.0119721
0.868,-1.62063,-0.0112718
0.869,-1.61865,-0.0104131
0.87,-1.61688,-0.00969611
0.871,-1.61467,-0.00885405
0.872,-1.61272,-0.00798699
0.873,-1.61065,-0.00715328
0.874,-1.60888,-0.00626954
0.875,-1.60668,-0.00523573
0.876,-1.60474,-0.00418525
0.877,-1.60266,-0.00314311
0.878,-1.60071,-0.00202593
0.879,-1.59874,-0.000858727
0.88,-1.59647,0.0002918
0.881,-1.59462,0.00150902
0.882,-1.59285,0.00277627
0.883,-1.59062,0.00410188
0.884,-1.58868,0.00557755
0.885,-1.58658,0.00703656
0.886,-1.58466,0.00857893
0.887,-1.58262,0.0101963
0.888,-1.58072,0.0118304
0.889,-1.57863,0.0134812
0.89,-1.57671,0.0152737
0.891,-1.57466,0.0171162
0.892,-1.57282,0.0191004
0.893,-1.57065,0.0212097
0.894,-1.56887,0.0231689
0.895,-1.56676,0.0253449
0.896,-1.56482,0.0274042
0.897,-1.56265,0.0296469
0.898,-1.56087,0.0318646
0.899,-1.55877,0.0340489
0.9,-1.55682,0.036475
0.901,-1.5547,0.0388261
0.902,-1.55279,0.0412606
0.903,-1.55069,0.04372
0.904,-1.54875,0.0463129
0.905,-1.54667,0.0488891
0.906,-1.54479,0.0513402
0.907,-1.54269,0.0538913
0.908,-1.54073,0.0566176
0.909,-1.53868,0.0592771
0.91,-1.53682,0.0621868
0.911,-1.53478,0.0649047
0.912,-1.53277,0.0678144
0.913,-1.53072,0.0707324
0.914,-1.52877,0.0735253
0.915,-1.52675,0.0765767
0.916,-1.52479,0.0792946
0.917,-1.52265,0.082321
0.918,-1.52085,0.0853141
0.919,-1.5189,0.0883238
0.92,-1.51693,0.0914085
0.921,-1.5148,0.0945766
0.922,-1.51294,0.0975363
0.923,-1.51089,0.100688
0.924,-1.50897,0.103672
0.925,-1.50689,0.106849
0.926,-1.50493,0.110092
0.927,-1.50302,0.113302
0.928,-1.50082,0.116578
0.929,-1.49891,0.11983
0.93,-1.49694,0.12319
0.931,-1.49498,0.126391
0.932,-1.49292,0.129434
0.933,-1.49067,0.132744
0.934,-1.48889,0.135971
0.935,-1.48682,0.139189
0.936,-1.48494,0.142482
0.937,-1.48277,0.145875
0.938,-1.4809,0.149043
0.939,-1.47892,0.152103
0.94,-1.47686,0.155154
0.941,-1.47477,0.158356
0.942,-1.47286,0.161541
0.943,-1.47085,0.164667
0.944,-1.46896,0.167693
0.945,-1.46683,0.170678
0.946,-1.46493,0.173696
0.947,-1.46311,0.176523
0.948,-1.46094,0.179382
0.949,-1.45895,0.182008
0.95,-1.45698,0.184676
0.951,-1.45509,0.187386
0.952,-1.453,0.189912
0.953,-1.45107,0.19233
0.954,-1.44897,0.194823
0.955,-1.44697,0.197065
0.956,-1.44502,0.199325
0.957,-1.44284,0.201392
0.958,-1.44093,0.203376
0.959,-1.43891,0.205477
0.96,-1.43697,0.207337
0.961,-1.43475,0.209171
0.962,-1.43295,0.210855
0.963,-1.43087,0.212514
0.964,-1.42892,0.213881
0.965,-1.42687,0.214998
0.966,-1.42491,0.216057
0.967,-1.42293,0.216999
0.968,-1.42091,0.217858
0.969,-1.41899,0.218425
0.97,-1.41695,0.218892
0.971,-1.4149,0.219025
0.972,-1.41297,0.219125
0.973,-1.41085,0.218733
0.974,-1.40898,0.21815
0.975,-1.40694,0.217333
0.976,-1.40503,0.216132
0.977,-1.40297,0.21469
0.978,-1.40098,0.213073
0.979,-1.39898,0.211205
0.98,-1.39694,0.208946
0.981,-1.39472,0.206103
0.982,-1.39289,0.20281
0.983,-1.3912,0.198658
0.984,-1.38892,0.193772
0.985,-1.3867,0.188245
0.986,-1.38484,0.182117
0.987,-1.38268,0.17553
0.988,-1.38071,0.16776
0.989,-1.37867,0.158764
0.99,-1.37679,0.148735
0.991,-1.37462,0.137079
0.992,-1.37266,0.123965
0.993,-1.37057,0.108441
0.994,-1.36874,0.0874567
0.995,-1.36648,0.0641294
0.996,-1.36449,0.0518904
0.997,-1.36263,0.0440202
0.998,-1.36082,0.0381091
0.999,-1.35865,0.0335237
1.0,-1.35676,0.0298887
1.001,-1.35467,0.0270707
1.002,-1.35287,0.0247363
1.003,-1.35078,0.0227938
1.004,-1.34877,0.0211847
1.005,-1.34676,0.0197507
1.006,-1.34481,0.0185918
1.007,-1.34312,0.0176164
1.008,-1.34091,0.016766
1.009,-1.3387,0.015974
1.01,-1.33687,0.015357
1.011,-1.33477,0.0148151
1.012,-1.33273,0.0143316
1.013,-1.33068,0.0137813
1.014,-1.32878,0.0134895
1.015,-1.32669,0.0129559
1.016,-1.32477,0.0126475
1.017,-1.32268,0.012439
1.018,-1.32079,0.0120305
1.019,-1.31877,0.0118554
1.02,-1.31688,0.0116387
1.021,-1.31465,0.0114469
1.022,-1.31288,0.0111801
1.023,-1.31076,0.0110217
1.024,-1.30878,0.0107883
1.025,-1.30668,0.0106716
1.026,-1.30489,0.0105465
1.027,-1.3027,0.0104298
1.028,-1.30093,0.0102797
1.029,-1.29892,0.0101547
1.03,-1.29684,0.0101046
1.031,-1.29482,0.0098962
1.032,-1.29289,0.00984618
1.033,-1.2908,0.00966276
1.034,-1.2889,0.00962941
1.035,-1.28672,0.00956271
1.036,-1.28489,0.00947934
1.037,-1.28268,0.00943766
1.038,-1.2809,0.0093793
1.039,-1.27868,0.00941264
1.04,-1.27674,0.00922089
1.041,-1.27471,0.00922923
1.042,-1.27275,0.00920422
1.043,-1.27068,0.00913752
1.044,-1.26879,0.00916253
1.045,-1.26665,0.00905415
1.046,-1.26492,0.00905415
1.047,-1.26279,0.00897911
1.048,-1.26082,0.00903747
1.049,-1.25868,0.0089541
1.05,-1.25687,0.00894576
1.051,-1.25469,0.00887073
1.052,-1.25288,0.00887907
1.053,-1.25073,0.00885405
1.054,-1.24885,0.00893743
1.055,-1.24689,0.00881237
1.056,-1.24482,0.00880403
1.057,-1.2429,0.00875401
1.058,-1.24088,0.00882904
1.059,-1.23906,0.00875401
1.06,-1.23698,0.00882904
1.061,-1.23477,0.00876235
1.062,-1.2329,0.00879569
1.063,-1.23082,0.00886239
1.064,-1.22888,0.00875401
1.065,-1.22668,0.00886239
1.066,-1.2248,0.00881237
1.067,-1.22271,0.00873733
1.068,-1.22077,0.00887073
1.069,-1.21873,0.00892909
1.07,-1.21682,0.00892075
1.071,-1.2149,0.00887073
1.072,-1.21275,0.0089541
1.073,-1.21065,0.00890408
1.074,-1.20888,0.00897077
1.075,-1.20665,0.00898745
1.076,-1.2048,0.00898745
1.077,-1.20268,0.00898745
1.078,-1.20088,0.0090208
1.079,-1.19886,0.00900412
1.08,-1.19687,0.00909583
1.081,-1.19483,0.00912084
1.082,-1.19291,0.00916253
1.083,-1.19089,0.00912918
1.084,-1.18897,0.00917087
1.085,-1.18678,0.00925424
1.086,-1.18499,0.00922089
1.087,-1.18291,0.00930426
1.088,-1.18085,0.00928759
1.089,-1.1788,0.00922923
1.09,-1.17694,0.00927925
1.091,-1.17473,0.00923756
1.092,-1.1728,0.00932094
1.093,-1.17068,0.00930426
1.094,-1.16882,0.00927091
1.095,-1.16674,0.00932094
1.096,-1.1648,0.0093126
1.097,-1.16274,0.00921255
1.098,-1.16088,0.0092459
1.099,-1.15875,0.00916253
1.1,-1.15678,0.00927925
1.101,-1.15465,0.0091792
1.102,-1.1529,0.00913752
1.103,-1.15073,0.00907082
1.104,-1.14882,0.00910417
1.105,-1.14665,0.0090875
1.106,-1.14493,0.0090208
1.107,-1.14286,0.00904581
1.108,-1.14082,0.00902914
1.109,-1.13872,0.00902914
1.11,-1.13697,0.00894576
1.111,-1.13509,0.00898745
1.112,-1.13302,0.00899579
1.113,-1.13084,0.00903747
1.114,-1.12902,0.00893743
1.115,-1.12683,0.00897077
1.116,-1.12494,0.00897077
1.117,-1.12273,0.00907916
1.118,-1.12085,0.00907916
1.119,-1.11883,0.00899579
1.12,-1.11681,0.00910417
1.121,-1.11472,0.00902914
1.122,-1.11297,0.00906248
1.123,-1.11092,0.00904581
1.124,-1.10891,0.00902914
1.125,-1.10672,0.00907916
1.126,-1.10489,0.00906248
1.127,-1.10289,0.00910417
1.128,-1.10087,0.00909583
1.129,-1.09882,0.00909583
1.13,-1.09688,0.00917087
1.131,-1.09471,0.00912918
1.132,-1.09285,0.00919588
1.133,-1.0908,0.00922089
1.134,-1.08891,0.00915419
1.135,-1.08715,0.0091792
1.136,-1.08493,0.00922089
1.137,-1.08282,0.00925424
1.138,-1.08094,0.00927091
1.139,-1.07896,0.00919588
1.14,-1.07692,0.00913752
1.141,-1.07485,0.00918754
1.142,-1.07296,0.00921255
1.143,-1.07091,0.00922089
1.144,-1.06889,0.00919588
1.145,-1.06672,0.00920422
1.146,-1.06482,0.00923756
1.147,-1.06275,0.00919588
1.148,-1.0609,0.00921255
1.149,-1.05869,0.00927091
1.15,-1.05689,0.00925424
1.151,-1.0549,0.00922089
1.152,-1.0528,0.00923756
1.153,-1.05071,0.00919588
1.154,-1.04893,0.00923756
1.155,-1.0468,0.00925424
1.156,-1.04493,0.00922089
1.157,-1.04278,0.00921255
1.158,-1.0409,0.00928759
1.159,-1.0389,0.00932094
1.16,-1.03689,0.00942932
1.161,-1.03483,0.0093793
1.162,-1.03302,0.00944599
1.163,-1.03097,0.009471
1.164,-1.029,0.00957105
1.165,-1.02692,0.00948768
1.166,-1.02493,0.00951269
1.167,-1.02286,0.00959606
1.168,-1.02095,0.00962941
1.169,-1.01883,0.00962941
1.17,-1.01694,0.00973779
1.171,-1.01478,0.0097628
1.172,-1.01283,0.00977114
1.173,-1.01065,0.00982116
1.174,-1.00893,0.00992121
1.175,-1.0068,0.00993789
1.176,-1.00495,0.0100296
1.177,-1.00268,0.0101547
1.178,-1.00095,0.010088
1.179,-0.998733,0.010213
1.18,-0.996958,0.0102464
1.181,-0.99485,0.0103214
1.182,-0.992867,0.0103381
1.183,-0.990767,0.0103131
1.184,-0.988858,0.0104465
1.185,-0.986825,0.0105131
1.186,-0.984983,0.0105298
1.187,-0.98305,0.0105465
1.188,-0.981033,0.0106049
1.189,-0.978833,0.0105632
1.19,-0.976992,0.0106299
1.191,-0.975008,0.0106799
1.192,-0.972983,0.0105965
1.193,-0.9709,0.0107549
1.194,-0.968967,0.0106716
1.195,-0.966917,0.0107799
1.196,-0.964883,0.0107216
1.197,-0.962742,0.0107299
1.198,-0.96085,0.0106882
1.199,-0.9591,0.0107049
1.2,-0.956933,0.0106716
1.201,-0.95465,0.0107299
1.202,-0.952933,0.0106966
1.203,-0.950892,0.0106966
1.204,-0.94895,0.0106632
1.205,-0.946717,0.0106549
1.206,-0.944892,0.0106799
1.207,-0.942858,0.0107049
1.208,-0.940892,0.0107049
1.209,-0.93885,0.0106882
1.21,-0.936858,0.0107132
1.211,-0.934875,0.0106799
1.212,-0.932983,0.0107049
1.213,-0.930883,0.0107383
1.214,-0.92895,0.0106049
1.215,-0.92715,0.0106132
1.216,-0.925,0.0105965
1.217,-0.92285,0.0106132
1.218,-0.920975,0.0105215
1.219,-0.919058,0.0106299
1.22,-0.916983,0.0105715
1.221,-0.914967,0.0105798
1.222,-0.912917,0.0105131
1.223,-0.910925,0.0105048
1.224,-0.908883,0.0104965
1.225,-0.90695,0.0105215
1.226,-0.904933,0.0104298
1.227,-0.9027,0.0104214
1.228,-0.900917,0.0104548
1.229,-0.8988,0.0103547
1.23,-0.896867,0.0103714
1.231,-0.894833,0.0103547
1.232,-0.892892,0.0103714
1.233,-0.890867,0.0103547
1.234,-0.888917,0.0103131
1.235,-0.886858,0.010263
1.236,-0.884992,0.010238
1.237,-0.882725,0.0102213
1.238,-0.880967,0.0102464
1.239,-0.878958,0.0101547
1.24,-0.877,0.0100963
1.241,-0.874883,0.010138
1.242,-0.873017,0.0101046
1.243,-0.87105,0.00998791
1.244,-0.869017,0.0100796
1.245,-0.866917,0.0100213
1.246,-0.864983,0.00997123
1.247,-0.862908,0.00997123
1.248,-0.861,0.00994622
1.249,-0.8589,0.00988786
1.25,-0.857017,0.00991287
1.251,-0.855033,0.00992955
1.252,-0.852892,0.00990454
1.253,-0.8508,0.0098962
1.254,-0.848958,0.00985451
1.255,-0.846908,0.0097628
1.256,-0.844908,0.00970444
1.257,-0.84275,0.00980449
1.258,-0.840967,0.0097628
1.259,-0.838842,0.00975447
1.26,-0.836875,0.00978782
1.261,-0.834867,0.00973779
1.262,-0.832875,0.00972946
1.263,-0.831,0.00969611
1.264,-0.828925,0.00972946
1.265,-0.8269,0.0097628
1.266,-0.825017,0.00973779
1.267,-0.823017,0.00971278
1.268,-0.821033,0.00974613
1.269,-0.818992,0.00980449
1.27,-0.817017,0.00972112
1.271,-0.815108,0.00972112
1.272,-0.813,0.00977114
1.273,-0.8111,0.00974613
1.274,-0.808975,0.00977948
1.275,-0.806933,0.00978782
1.276,-0.805008,0.00980449
1.277,-0.802767,0.00981283
1.278,-0.801017,0.00978782
1.279,-0.798917,0.00979615
1.28,-0.796933,0.0098962
1.281,-0.794883,0.00992955
1.282,-0.793017,0.00995456
1.283,-0.7908,0.00994622
1.284,-0.788942,0.00992121
1.285,-0.786908,0.0099629
1.286,-0.784967,0.00997123
1.287,-0.782875,0.00994622
1.288,-0.780925,0.00993789
1.289,-0.778867,0.00994622
1.29,-0.777033,0.00997957
1.291,-0.77485,0.0100129
1.292,-0.772975,0.0101296
1.293,-0.77105,0.0101046
1.294,-0.769017,0.010188
1.295,-0.766933,0.0101463
1.296,-0.765017,0.010163
1.297,-0.763008,0.0102047
1.298,-0.761042,0.010213
1.299,-0.759042,0.0102464
1.3,-0.756975,0.010288
1.301,-0.754933,0.0102964
1.302,-0.75305,0.0103464
1.303,-0.751042,0.0104465
1.304,-0.74895,0.0104465
1.305,-0.7468,0.0104798
1.306,-0.745,0.0104548
1.307,-0.742867,0.0104715
1.308,-0.740983,0.0105382
1.309,-0.738767,0.0106382
1.31,-0.73695,0.0106799
1.311,-0.734933,0.0107383
1.312,-0.732867,0.0107299
1.313,-0.730958,0.0108049
1.314,-0.729008,0.01083
1.315,-0.727175,0.0108383
1.316,-0.725,0.0108883
1.317,-0.72275,0.0109383
1.318,-0.721008,0.0109383
1.319,-0.719192,0.0109634
1.32,-0.717017,0.0109884
1.321,-0.714992,0.0110717
1.322,-0.713033,0.0110884
1.323,-0.711075,0.0110717
1.324,-0.709017,0.0111634
1.325,-0.706992,0.0112385
1.326,-0.705033,0.0112301
1.327,-0.703225,0.0113719
1.328,-0.7011,0.0113802
1.329,-0.699,0.0114302
1.33,-0.696983,0.011572
1.331,-0.69515,0.0115386
1.332,-0.693017,0.0115636
1.333,-0.69085,0.0115886
1.334,-0.688967,0.011597
1.335,-0.686942,0.0117304
1.336,-0.684958,0.0117971
1.337,-0.682983,0.0118221
1.338,-0.680925,0.0118638
1.339,-0.679025,0.0119138
1.34,-0.677017,0.0119055
1.341,-0.674992,0.0119721
1.342,-0.673008,0.0120138
1.343,-0.671075,0.0120639
1.344,-0.668975,0.0120138
1.345,-0.66695,0.0121556
1.346,-0.665025,0.0121639
1.347,-0.663167,0.0122473
1.348,-0.661008,0.0122639
1.349,-0.658975,0.0122639
1.35,-0.656967,0.0122806
1.351,-0.655133,0.012289
1.352,-0.652967,0.0124057
1.353,-0.651083,0.012389
1.354,-0.649017,0.0124891
1.355,-0.6472,0.0124891
1.356,-0.644992,0.0124807
1.357,-0.642842,0.0125974
1.358,-0.640975,0.0125724
1.359,-0.639117,0.0125724
1.36,-0.636967,0.0126391
1.361,-0.634933,0.0126391
1.362,-0.632975,0.0127142
1.363,-0.631067,0.0127642
1.364,-0.628983,0.0127225
1.365,-0.626783,0.0128225
1.366,-0.625017,0.0127809
1.367,-0.623133,0.0129226
1.368,-0.621,0.0129559
1.369,-0.618933,0.013006
1.37,-0.617,0.0130727
1.371,-0.615067,0.013081
1.372,-0.613008,0.013131
1.373,-0.610933,0.0131227
1.374,-0.609042,0.0131644
1.375,-0.606967,0.0132311
1.376,-0.605067,0.0131977
1.377,-0.603008,0.0132394
1.378,-0.60105,0.0132978
1.379,-0.599183,0.0133728
1.38,-0.597025,0.0134228
1.381,-0.594967,0.0134645
1.382,-0.593017,0.0134728
1.383,-0.591083,0.0135145
1.384,-0.588967,0.0135896
1.385,-0.586892,0.0136479
1.386,-0.584983,0.0136813
1.387,-0.583017,0.0137146
1.388,-0.5809,0.0138147
1.389,-0.578925,0.0138397
1.39,-0.576925,0.0138397
1.391,-0.575225,0.0140731
1.392,-0.573033,0.0139731
1.393,-0.570892,0.0140481
1.394,-0.568983,0.0140814
1.395,-0.567167,0.0141815
1.396,-0.565,0.0142482
1.397,-0.562875,0.0143399
1.398,-0.560983,0.0144066
1.399,-0.559042,0.0145984
1.4,-0.557017,0.0145483
1.401,-0.555033,0.0146317
1.402,-0.553008,0.0148151
1.403,-0.55105,0.0148401
1.404,-0.549175,0.0149652
1.405,-0.546925,0.0150986
1.406,-0.545042,0.0150902
1.407,-0.543208,0.0152487
1.408,-0.54105,0.0153153
1.409,-0.539033,0.0154487
1.41,-0.536983,0.0155238
1.411,-0.535167,0.0156655
1.412,-0.532958,0.0157155
1.413,-0.530892,0.0157906
1.414,-0.52895,0.015949
1.415,-0.526958,0.016024
1.416,-0.524992,0.0161907
1.417,-0.522858,0.0163325
1.418,-0.520975,0.0164325
1.419,-0.519208,0.0165909
1.42,-0.516992,0.0166576
1.421,-0.514875,0.016791
1.422,-0.512958,0.0169578
1.423,-0.511208,0.0170745
1.424,-0.508958,0.0172329
1.425,-0.506917,0.0173246
1.426,-0.504992,0.0176164
1.427,-0.503108,0.0176998
1.428,-0.501,0.0178749
1.429,-0.498867,0.0180333
1.43,-0.497,0.018175
1.431,-0.495217,0.0182917
1.432,-0.493075,0.0184585
1.433,-0.491058,0.0186585
1.434,-0.489025,0.018842
1.435,-0.487142,0.0189253
1.436,-0.485017,0.0192421
1.437,-0.482942,0.0193589
1.438,-0.481,0.0195423
1.439,-0.478942,0.019709
1.44,-0.47695,0.0197841
1.441,-0.474883,0.0201092
1.442,-0.473,0.0202509
1.443,-0.4712,0.0204177
1.444,-0.46895,0.0207345
1.445,-0.466833,0.0208596
1.446,-0.465025,0.0211013
1.447,-0.463042,0.0212847
1.448,-0.461,0.0214515
1.449,-0.458917,0.0216516
1.45,-0.45695,0.0218017
1.451,-0.455092,0.0220017
1.452,-0.452967,0.0222685
1.453,-0.451017,0.0225103
1.454,-0.449008,0.0226354
1.455,-0.447158,0.0228188
1.456,-0.445158,0.0231106
1.457,-0.4431,0.0232356
1.458,-0.44105,0.0234024
1.459,-0.439225,0.0236858
1.46,-0.437042,0.0238026
1.461,-0.434967,0.0240777
1.462,-0.432983,0.0243111
1.463,-0.431042,0.0246446
1.464,-0.429008,0.0247947
1.465,-0.426975,0.0249114
1.466,-0.424958,0.0251615
1.467,-0.422867,0.0253366
1.468,-0.420975,0.0256034
1.469,-0.41895,0.0257451
1.47,-0.416958,0.0260536
1.471,-0.415,0.0261953
1.472,-0.413017,0.0263787
1.473,-0.410883,0.0266289
1.474,-0.409,0.0267789
1.475,-0.407108,0.0270374
1.476,-0.404942,0.0272625
1.477,-0.402975,0.0274459
1.478,-0.401017,0.0276543
1.479,-0.399042,0.0279211
1.48,-0.39705,0.0282296
1.481,-0.395192,0.028338
1.482,-0.393017,0.028488
1.483,-0.391183,0.0286881
1.484,-0.389058,0.0288382
1.485,-0.387017,0.0290049
1.486,-0.385017,0.0293134
1.487,-0.383283,0.0294051
1.488,-0.38105,0.0296136
1.489,-0.379008,0.0297553
1.49,-0.377025,0.0299554
1.491,-0.375108,0.0301055
1.492,-0.373,0.0303055
1.493,-0.370817,0.0304223
1.494,-0.368917,0.0305557
1.495,-0.367133,0.0307641
1.496,-0.365033,0.0309308
1.497,-0.362942,0.0310392
1.498,-0.361,0.0312226
1.499,-0.3591,0.0313394
1.5,-0.356983,0.0314394
1.501,-0.3549,0.0315811
1.502,-0.352967,0.0316645
1.503,-0.350992,0.0318396
1.504,-0.349,0.0319563
1.505,-0.347,0.031973
1.506,-0.345008,0.0321147
1.507,-0.343225,0.0321564
1.508,-0.341067,0.0323065
1.509,-0.339108,0.0323815
1.51,-0.336983,0.0325316
1.511,-0.335242,0.0325566
1.512,-0.333033,0.0326066
1.513,-0.331117,0.0327066
1.514,-0.329025,0.0327483
1.515,-0.327142,0.0328317
1.516,-0.325058,0.0329067
1.517,-0.323058,0.03284
1.518,-0.321008,0.0329234
1.519,-0.319275,0.0329317
1.52,-0.317025,0.0330235
1.521,-0.31495,0.0330568
1.522,-0.313033,0.0329818
1.523,-0.3111,0.0330985
1.524,-0.309033,0.0329734
1.525,-0.307008,0.0330318
1.526,-0.305017,0.0330235
1.527,-0.3032,0.0330318
1.528,-0.301042,0.0330735
1.529,-0.299092,0.0330235
1.53,-0.297008,0.0330151
1.531,-0.295125,0.0329484
1.532,-0.293183,0.0329401
1.533,-0.291,0.0329317
1.534,-0.289067,0.0329067
1.535,-0.287258,0.032815
1.536,-0.285083,0.0328567
1.537,-0.283183,0.03274
1.538,-0.28105,0.0327733
1.539,-0.279192,0.0325566
1.54,-0.277017,0.0325316
1.541,-0.275167,0.0324565
1.542,-0.273067,0.0324232
1.543,-0.271125,0.0323398
1.544,-0.269075,0.0322398
1.545,-0.267033,0.0322898
1.546,-0.264992,0.032098
1.547,-0.263225,0.0320647
1.548,-0.261025,0.0320063
1.549,-0.259,0.0318229
1.55,-0.257017,0.0318062
1.551,-0.255217,0.0316979
1.552,-0.25305,0.0315728
1.553,-0.251033,0.0315645
1.554,-0.249042,0.0314227
1.555,-0.247142,0.031356
1.556,-0.245,0.031331
1.557,-0.242983,0.0311393
1.558,-0.241042,0.0310809
1.559,-0.2392,0.0309558
1.56,-0.237033,0.0308141
1.561,-0.235133,0.0307558
1.562,-0.23305,0.0306224
1.563,-0.231275,0.0305723
1.564,-0.229083,0.0304723
1.565,-0.227125,0.0302305
1.566,-0.225025,0.0301055
1.567,-0.223208,0.029947
1.568,-0.221067,0.0299387
1.569,-0.219108,0.0298553
1.57,-0.217033,0.0297053
1.571,-0.215183,0.0296386
1.572,-0.213067,0.0295302
1.573,-0.210958,0.0294301
1.574,-0.209008,0.0292217
1.575,-0.2072,0.0292217
1.576,-0.205033,0.0291217
1.577,-0.203017,0.0289216
1.578,-0.20105,0.0288132
1.579,-0.199158,0.0287131
1.58,-0.197042,0.0286631
1.581,-0.195108,0.0285131
1.582,-0.193025,0.0283713
1.583,-0.191258,0.0281879
1.584,-0.1892,0.0281546
1.585,-0.18715,0.0280128
1.586,-0.185092,0.0278711
1.587,-0.183225,0.0277794
1.588,-0.181117,0.0275459
1.589,-0.179167,0.0274876
1.59,-0.177058,0.0273459
1.591,-0.175258,0.0272625
1.592,-0.173142,0.0271624
1.593,-0.171125,0.0270957
1.594,-0.169158,0.0270207
1.595,-0.167242,0.026929
1.596,-0.165433,0.0268706
1.597,-0.163258,0.0265038
1.598,-0.16105,0.0265538
1.599,-0.159217,0.0264538
1.6,-0.157033,0.0263371
1.601,-0.1551,0.0262203
1.602,-0.15305,0.026162
1.603,-0.151158,0.0260286
1.604,-0.149075,0.0258452
1.605,-0.147092,0.0256784
1.606,-0.145033,0.0255617
1.607,-0.14315,0.0254617
1.608,-0.14105,0.0253783
1.609,-0.139125,0.0253116
1.61,-0.137092,0.0253366
1.611,-0.135225,0.0252532
1.612,-0.133108,0.0252032
1.613,-0.131058,0.0251448
1.614,-0.129117,0.0250365
1.615,-0.127267,0.0249531
1.616,-0.125092,0.0247613
1.617,-0.123183,0.0247113
1.618,-0.121192,0.0246029
1.619,-0.119242,0.0244529
1.62,-0.11715,0.0244112
1.621,-0.115075,0.0242945
1.622,-0.113117,0.0242694
1.623,-0.111225,0.0241361
1.624,-0.109142,0.0240944
1.625,-0.107158,0.023961
1.626,-0.10505,0.0238443
1.627,-0.103242,0.0238359
1.628,-0.101033,0.0237525
1.629,-0.0990833,0.0236942
1.63,-0.09705,0.0235608
1.631,-0.0951583,0.0234858
1.632,-0.0931417,0.0234607
1.633,-0.0911,0.0233524
1.634,-0.08905,0.023269
1.635,-0.0872833,0.0232023
1.636,-0.0851083,0.0231356
1.637,-0.0831833,0.0230355
1.638,-0.08105,0.0229355
1.639,-0.0792667,0.0229772
1.64,-0.0771333,0.0227604
1.641,-0.0751167,0.0227437
1.642,-0.0731917,0.0226687
1.643,-0.0712583,0.0226437
1.644,-0.0691333,0.0225853
1.645,-0.0672583,0.0224186
1.646,-0.0651917,0.0224019
1.647,-0.0632833,0.0223186
1.648,-0.0614,0.0222769
1.649,-0.0592667,0.0221852
1.65,-0.0570417,0.0221935
1.651,-0.0552417,0.0220351
1.652,-0.0533083,0.0220268
1.653,-0.0511583,0.0219017
1.654,-0.0490417,0.02186
1.655,-0.047225,0.0218183
1.656,-0.0451167,0.0218017
1.657,-0.0430417,0.0217266
1.658,-0.0411167,0.0216516
1.659,-0.0392,0.0216266
1.66,-0.037275,0.0215099
1.661,-0.035275,0.0214432
1.662,-0.0330167,0.0214932
1.663,-0.03125,0.0213681
1.664,-0.02905,0.0213514
1.665,-0.0271917,0.0212847
1.666,-0.0250333,0.021193
1.667,-0.0232333,0.0211263
1.668,-0.0212083,0.021068
1.669,-0.0192333,0.021068
1.67,-0.017275,0.0209846
1.671,-0.0152583,0.0209429
1.672,-0.013225,0.0208596
1.673,-0.0112083,0.0208596
1.674,-0.00915,0.0207595
1.675,-0.00731667,0.0206845
1.676,-0.00531667,0.0206428
1.677,-0.00320833,0.0205928
1.678,-0.00105,0.0206178
1.679,0.000725,0.0205594
1.68,0.002825,0.0204594
1.681,0.004875,0.0204177
1.682,0.006925,0.0203343
1.683,0.008775,0.020376
1.684,0.0108167,0.0202676
1.685,0.0127583,0.0202593
1.686,0.0147917,0.0202426
1.687,0.0166833,0.0201842
1.688,0.0188667,0.0201175
1.689,0.0208333,0.0200175
1.69,0.0229333,0.0200508
1.691,0.0247417,0.0199675
1.692,0.02685,0.0199175
1.693,0.0287,0.0199258
1.694,0.030825,0.0198091
1.695,0.03265,0.0198424
1.696,0.0347417,0.0197924
1.697,0.0367417,0.0196757
1.698,0.0389083,0.019659
1.699,0.0407,0.019609
1.7,0.042575,0.019584
1.701,0.0447833,0.019559
1.702,0.0468833,0.0194339
1.703,0.048675,0.0194923
1.704,0.0508083,0.0193922
1.705,0.0528833,0.0193172
1.706,0.0549167,0.0193088
1.707,0.0567583,0.0193172
1.708,0.05885,0.0192255
1.709,0.0609,0.0192838
1.71,0.0628833,0.0192421
1.711,0.0647333,0.0192338
1.712,0.0665,0.0190837
1.713,0.0687667,0.0191088
1.714,0.0709583,0.0190337
1.715,0.0727,0.019017
1.716,0.0748083,0.0189837
1.717,0.0768167,0.0189003
1.718,0.07895,0.018917
1.719,0.080725,0.0188836
1.72,0.0828417,0.018867
1.721,0.084825,0.0187753
1.722,0.08675,0.0187086
1.723,0.088725,0.0188169
1.724,0.0903667,0.0187086
1.725,0.0925,0.0187419
1.726,0.09475,0.0186669
1.727,0.0966167,0.0186335
1.728,0.0986167,0.0186169
1.729,0.100733,0.0186335
1.73,0.102917,0.0186085
1.731,0.104683,0.0185335
1.732,0.106883,0.0185502
1.733,0.108817,0.0184751
1.734,0.110892,0.0185585
1.735,0.112767,0.0184501
1.736,0.114817,0.0184084
1.737,0.116742,0.0184418
1.738,0.11895,0.0183
1.739,0.1207,0.0184084
1.74,0.122892,0.0183501
1.741,0.124867,0.0183834
1.742,0.12695,0.0182834
1.743,0.128733,0.0183501
1.744,0.130933,0.0183
1.745,0.132742,0.0183417
1.746,0.1349,0.0182
1.747,0.1367,0.0182584
1.748,0.138767,0.0182333
1.749,0.140625,0.0182083
1.75,0.142675,0.018225
1.751,0.144592,0.018175
1.752,0.146533,0.0181917
1.753,0.148733,0.0181917
1.754,0.150817,0.0181333
1.755,0.15265,0.0180749
1.756,0.154683,0.018125
1.757,0.156658,0.0180082
1.758,0.158925,0.0180666
1.759,0.160717,0.0179582
1.76,0.16285,0.0180916
1.761,0.164817,0.018125
1.762,0.16695,0.0180583
1.763,0.168758,0.0179999
1.764,0.170608,0.0179582
1.765,0.172767,0.0179666
1.766,0.174867,0.0178915
1.767,0.176658,0.0178915
1.768,0.178667,0.0179415
1.769,0.1808,0.0179582
1.77,0.182883,0.0179582
1.771,0.184708,0.0178999
1.772,0.18685,0.0179165
1.773,0.188708,0.0179165
1.774,0.190758,0.0178915
1.775,0.1926,0.0178832
1.776,0.194475,0.0179165
1.777,0.1966,0.0179165
1.778,0.19895,0.0179249
1.779,0.200617,0.0179249
1.78,0.202508,0.0178999
1.781,0.204583,0.0178498
1.782,0.206767,0.0179082
1.783,0.208708,0.0178332
1.784,0.210833,0.0178415
1.785,0.212783,0.0179666
1.786,0.21485,0.0179082
1.787,0.216775,0.0179249
1.788,0.2187,0.0179666
1.789,0.2208,0.0179249
1.79,0.22295,0.0180499
1.791,0.22465,0.0179749
1.792,0.22675,0.018125
1.793,0.228767,0.0180916
1.794,0.23095,0.0181083
1.795,0.232717,0.0180583
1.796,0.234808,0.0179916
1.797,0.236783,0.0179916
1.798,0.238925,0.0181
1.799,0.240783,0.0180416
1.8,0.242808,0.0180666
1.801,0.244658,0.0180833
1.802,0.246858,0.0182333
1.803,0.248583,0.0182083
1.804,0.2505,0.0181667
1.805,0.252633,0.018225
1.806,0.254758,0.0182083
1.807,0.256575,0.018225
1.808,0.258833,0.0183584
1.809,0.260683,0.0183751
1.81,0.26285,0.0183918
1.811,0.264733,0.0184001
1.812,0.266858,0.0184585
1.813,0.268825,0.0184168
1.814,0.270708,0.0184835
1.815,0.272683,0.0185668
1.816,0.274767,0.0185085
1.817,0.276783,0.0186252
1.818,0.278883,0.0187336
1.819,0.280675,0.0186502
1.82,0.282667,0.0187503
1.821,0.284742,0.0187669
1.822,0.286783,0.0187086
1.823,0.288758,0.0188336
1.824,0.290858,0.018892
1.825,0.292717,0.0189337
1.826,0.294892,0.018967
1.827,0.296658,0.0190504
1.828,0.298433,0.0190587
1.829,0.300667,0.0192005
1.83,0.302717,0.0192672
1.831,0.304658,0.0193088
1.832,0.306417,0.0193589
1.833,0.308708,0.0193589
1.834,0.310733,0.0194672
1.835,0.312625,0.019559
1.836,0.314725,0.0196006
1.837,0.316717,0.0196257
1.838,0.3188,0.0197007
1.839,0.3206,0.0198007
1.84,0.322467,0.0197841
1.841,0.324683,0.0198924
1.842,0.32695,0.0199508
1.843,0.328717,0.0200425
1.844,0.330725,0.0200925
1.845,0.332733,0.0201592
1.846,0.334817,0.0202676
1.847,0.336642,0.020376
1.848,0.33875,0.020451
1.849,0.340758,0.0204594
1.85,0.342742,0.0205427
1.851,0.344708,0.0206511
1.852,0.346442,0.0207262
1.853,0.348667,0.0207929
1.854,0.35075,0.0208929
1.855,0.3526,0.0209346
1.856,0.354517,0.0210096
1.857,0.356667,0.0211013
1.858,0.35875,0.021168
1.859,0.360617,0.0212097
1.86,0.3627,0.0213765
1.861,0.36465,0.0214598
1.862,0.366692,0.0215849
1.863,0.368708,0.0215182
1.864,0.370758,0.0216432
1.865,0.372558,0.0217766
1.866,0.37485,0.0218267
1.867,0.3767,0.0218934
1.868,0.378425,0.0219851
1.869,0.380775,0.0221185
1.87,0.382883,0.0222602
1.871,0.3847,0.0222185
1.872,0.386675,0.0223686
1.873,0.388725,0.0224103
1.874,0.390867,0.0224353
1.875,0.392692,0.0224936
1.876,0.3947,0.0225353
1.877,0.396733,0.0225937
1.878,0.398767,0.0227437
1.879,0.400633,0.0229438
1.88,0.402458,0.0229605
1.881,0.404608,0.0231106
1.882,0.406783,0.0231606
1.883,0.408633,0.0232773
1.884,0.410483,0.023369
1.885,0.412575,0.0234858
1.886,0.414708,0.0236191
1.887,0.416642,0.0236942
1.888,0.418583,0.0238526
1.889,0.4207,0.023936
1.89,0.422842,0.0240527
1.891,0.424583,0.0242278
1.892,0.426567,0.0243778
1.893,0.42865,0.0245529
1.894,0.43085,0.0246613
1.895,0.4326,0.024753
1.896,0.434817,0.024853
1.897,0.436717,0.0250198
1.898,0.4389,0.0254283
1.899,0.440642,0.0254617
1.9,0.442617,0.0256117
1.901,0.444692,0.0257951
1.902,0.4467,0.0258702
1.903,0.4486,0.0260036
1.904,0.4507,0.026212
1.905,0.452642,0.0263454
1.906,0.45485,0.0264371
1.907,0.4566,0.0266038
1.908,0.458358,0.0267539
1.909,0.460633,0.0267789
1.91,0.462717,0.0269457
1.911,0.464583,0.0271291
1.912,0.466492,0.0273625
1.913,0.4686,0.0274209
1.914,0.47065,0.027571
1.915,0.472658,0.0276793
1.916,0.474333,0.0278461
1.917,0.476617,0.0279711
1.918,0.478908,0.0280462
1.919,0.480617,0.0282713
1.92,0.482467,0.0283713
1.921,0.484692,0.0285381
1.922,0.4869,0.0286715
1.923,0.488708,0.0288382
1.924,0.4907,0.0289216
1.925,0.492667,0.02908
1.926,0.494842,0.0293134
1.927,0.496658,0.0294718
1.928,0.498708,0.0295635
1.929,0.500633,0.0297303
1.93,0.502808,0.029922
1.931,0.5046,0.0300804
1.932,0.506367,0.0301722
1.933,0.508567,0.0303556
1.934,0.510617,0.030489
1.935,0.512567,0.0306307
1.936,0.5144,0.0308641
1.937,0.516592,0.0310142
1.938,0.518625,0.0311809
1.939,0.520617,0.0312643
1.94,0.5225,0.031331
1.941,0.524633,0.0315811
1.942,0.526542,0.0318563
1.943,0.52865,0.0318312
1.944,0.530508,0.031998
1.945,0.532658,0.0321564
1.946,0.53495,0.0324315
1.947,0.536692,0.0325316
1.948,0.538717,0.03269
1.949,0.540667,0.0328734
1.95,0.542833,0.0328817
1.951,0.5446,0.0330485
1.952,0.546675,0.0331902
1.953,0.548633,0.0332902
1.954,0.550917,0.033407
1.955,0.55265,0.033507
1.956,0.554458,0.0335904
1.957,0.556625,0.0336404
1.958,0.558817,0.0336821
1.959,0.5606,0.0338655
1.96,0.5624,0.0339405
1.961,0.564567,0.0339489
1.962,0.566767,0.0340072
1.963,0.568567,0.0340323
1.964,0.570575,0.0340823
1.965,0.572583,0.0340739
1.966,0.574642,0.0341656
1.967,0.576567,0.0340823
1.968,0.578475,0.0342157
1.969,0.58055,0.034174
1.97,0.58275,0.0340573
1.971,0.5846,0.034124
1.972,0.586642,0.0339989
1.973,0.588583,0.0339572
1.974,0.590842,0.0339906
1.975,0.59265,0.0339489
1.976,0.594733,0.0339405
1.977,0.596642,0.0337988
1.978,0.598708,0.0338322
1.979,0.600642,0.0337071
1.98,0.602367,0.033582
1.981,0.604567,0.033582
1.982,0.606725,0.033482
1.983,0.608575,0.033457
1.984,0.610467,0.0333153
1.985,0.612617,0.0332486
1.986,0.614667,0.0331068
1.987,0.616583,0.0330485
1.988,0.618542,0.0330151
1.989,0.620592,0.0329067
1.99,0.62265,0.0327817
1.991,0.624575,0.0326149
1.992,0.626575,0.0325066
1.993,0.6284,0.0324065
1.994,0.630592,0.0322398
1.995,0.632658,0.032123
1.996,0.634433,0.0319646
1.997,0.63655,0.0318563
1.998,0.638767,0.0317395
1.999,0.640633,0.0315561
2.0,0.642733,0.0315561
2.001,0.644633,0.0313394
2.002,0.646817,0.031206
2.003,0.648642,0.0310476
2.004,0.650708,0.0308975
2.005,0.652658,0.0307724
2.006,0.654583,0.0305723
2.007,0.656617,0.0304473
2.008,0.658508,0.0302889
2.009,0.660533,0.0301888
2.01,0.662908,0.0300304
2.011,0.664583,0.0298887
2.012,0.666467,0.0297803
2.013,0.668583,0.0295969
2.014,0.67065,0.0294635
2.015,0.672567,0.0293634
2.016,0.67445,0.0291217
2.017,0.676567,0.029105
2.018,0.678742,0.0289383
2.019,0.680642,0.0288049
2.02,0.682367,0.0286965
2.021,0.684508,0.0285214
2.022,0.686575,0.0284047
2.023,0.688617,0.0282379
2.024,0.69045,0.0281546
2.025,0.692725,0.0280128
2.026,0.694858,0.0279378
2.027,0.696658,0.0276627
2.028,0.698725,0.0275626
2.029,0.700675,0.0275043
2.03,0.702675,0.0272792
2.031,0.704575,0.0271458
2.032,0.706417,0.0271291
2.033,0.708592,0.0270541
2.034,0.7107,0.0270457
2.035,0.712667,0.0268957
2.036,0.714392,0.0268123
2.037,0.716583,0.0266872
2.038,0.718733,0.0265872
2.039,0.720592,0.0264705
2.04,0.7225,0.0263704
2.041,0.724533,0.026212
2.042,0.726608,0.026237
2.043,0.728617,0.0260703
2.044,0.730367,0.0259452
2.045,0.732433,0.0258702
2.046,0.734542,0.0257535
2.047,0.736608,0.0257118
2.048,0.7384,0.0255617
2.049,0.74055,0.025495
2.05,0.742633,0.0255117
2.051,0.7446,0.0254617
2.052,0.746467,0.0253533
2.053,0.748633,0.0252616
2.054,0.750658,0.0252699
2.055,0.752658,0.0252199
2.056,0.754583,0.0251032
2.057,0.756258,0.0251115
2.058,0.758642,0.0250448
2.059,0.760617,0.0249948
2.06,0.762483,0.024853
2.061,0.764633,0.024828
2.062,0.7667,0.0247613
2.063,0.768583,0.024703
2.064,0.770633,0.0246696
2.065,0.772625,0.0246113
2.066,0.774675,0.0245446
2.067,0.776642,0.0244612
2.068,0.778542,0.0243528
2.069,0.780533,0.0242778
2.07,0.782492,0.0242278
2.071,0.784558,0.0242528
2.072,0.786417,0.0241861
2.073,0.788617,0.0241361
2.074,0.790617,0.0241361
2.075,0.792567,0.0241027
2.076,0.794392,0.0240193
2.077,0.796542,0.024061
2.078,0.798742,0.0239693
2.079,0.800617,0.0240443
2.08,0.802683,0.0239443
2.081,0.804692,0.023936
2.082,0.806858,0.0238943
2.083,0.808625,0.0238276
2.084,0.810358,0.0237275
2.085,0.8126,0.0237859
2.086,0.814608,0.0238443
2.087,0.816567,0.0238609
2.088,0.818392,0.0237609
2.089,0.820625,0.023936
2.09,0.822592,0.0237859
2.091,0.8246,0.0237359
2.092,0.826483,0.0238192
2.093,0.828592,0.0238526
2.094,0.830483,0.0237859
2.095,0.832558,0.0237442
2.096,0.834317,0.0237275
2.097,0.836458,0.0236775
2.098,0.838667,0.0237109
2.099,0.840583,0.0237109
2.1,0.842358,0.0236358
2.101,0.8445,0.0235274
2.102,0.846683,0.0236942
2.103,0.848558,0.0236608
2.104,0.850475,0.0236442
2.105,0.852583,0.0235274
2.106,0.85455,0.0234941
2.107,0.85665,0.0237359
2.108,0.858342,0.0238109
2.109,0.860367,0.0237359
2.11,0.8626,0.0236608
2.111,0.8646,0.0236608
2.112,0.866367,0.0236942
2.113,0.8686,0.0237192
2.114,0.8707,0.0237192
2.115,0.872567,0.0238109
2.116,0.874542,0.0238359
2.117,0.876542,0.0238693
2.118,0.878633,0.0237942
2.119,0.880567,0.024036
2.12,0.88255,0.0240443
2.121,0.884375,0.023961
2.122,0.886542,0.023986
2.123,0.888533,0.0239193
2.124,0.890317,0.0240027
2.125,0.892342,0.0241861
2.126,0.89465,0.0241527
2.127,0.89655,0.0241194
2.128,0.898367,0.0242444
2.129,0.900567,0.0242361
2.13,0.902617,0.0241777
2.131,0.904583,0.0241777
2.132,0.906567,0.0242611
2.133,0.908675,0.0244445
2.134,0.910567,0.0245612
2.135,0.912583,0.0245196
2.136,0.914342,0.0245112
2.137,0.916575,0.0245779
2.138,0.918533,0.0246279
2.139,0.9206,0.0247197
2.14,0.922433,0.024778
2.141,0.924567,0.0247864
2.142,0.926617,0.0249864
2.143,0.928575,0.0251198
2.144,0.9305,0.0252115
2.145,0.932625,0.0251949
2.146,0.934758,0.0253366
2.147,0.936475,0.0254867
2.148,0.938375,0.025545
2.149,0.940542,0.02552
2.15,0.942558,0.0256367
2.151,0.94455,0.0257701
2.152,0.946333,0.0260453
2.153,0.948517,0.0260536
2.154,0.950492,0.026212
2.155,0.952567,0.0263787
2.156,0.954392,0.0264788
2.157,0.95655,0.0266372
2.158,0.958475,0.0267122
2.159,0.960583,0.0268706
2.16,0.96235,0.0269874
2.161,0.964508,0.0271208
2.162,0.966658,0.0274376
2.163,0.968592,0.0275793
2.164,0.970408,0.0276543
2.165,0.97255,0.0278044
2.166,0.97465,0.0279211
2.167,0.976567,0.0282546
2.168,0.978425,0.0284464
2.169,0.980567,0.0286465
2.17,0.982542,0.0288716
2.171,0.984567,0.0290466
2.172,0.986383,0.0293468
2.173,0.988517,0.0295219
2.174,0.990467,0.0297219
2.175,0.99255,0.0300137
2.176,0.994358,0.0303306
2.177,0.996433,0.0306974
2.178,0.998483,0.0309725
2.179,1.00056,0.0311976
2.18,1.00232,0.0314477
2.181,1.00055,0.0301805
2.182,0.9985,0.0290466
2.183,0.996533,0.0282046
2.184,0.994333,0.0273292
2.185,0.99255,0.0266455
2.186,0.990675,0.0259786
2.187,0.988342,0.0253199
2.188,0.986342,0.024778
2.189,0.984583,0.0241027
2.19,0.982567,0.0235358
2.191,0.980625,0.0231273
2.192,0.978392,0.0228605
2.193,0.976567,0.0224186
2.194,0.97465,0.0219267
2.195,0.97255,0.0213181
2.196,0.970442,0.0209179
2.197,0.968567,0.0205928
2.198,0.966475,0.0201342
2.199,0.964542,0.019759
2.2,0.962392,0.0193255
2.201,0.96055,0.0189754
2.202,0.9584,0.0186502
2.203,0.956525,0.0183417
2.204,0.954375,0.0180833
2.205,0.952475,0.0178248
2.206,0.950517,0.0175664
2.207,0.948375,0.0171579
2.208,0.946333,0.0169661
2.209,0.944567,0.016741
2.21,0.942758,0.0164825
2.211,0.940533,0.0162074
2.212,0.938408,0.0159573
2.213,0.936567,0.0157322
2.214,0.934642,0.0154654
2.215,0.93255,0.015282
2.216,0.93045,0.0150319
2.217,0.928567,0.0149568
2.218,0.926558,0.0147818
2.219,0.924583,0.014615
2.22,0.922358,0.0142065
2.221,0.920567,0.0140231
2.222,0.918575,0.013848
2.223,0.9166,0.0136729
2.224,0.914408,0.0135729
2.225,0.912567,0.0133561
2.226,0.91055,0.0132477
2.227,0.90855,0.0131894
2.228,0.90645,0.0130393
2.229,0.9045,0.0129226
2.23,0.9025,0.0129059
2.231,0.90055,0.0126058
2.232,0.898342,0.0124307
2.233,0.89655,0.012389
2.234,0.894592,0.0124974
2.235,0.89255,0.0122306
2.236,0.890383,0.0119055
2.237,0.88855,0.0118304
2.238,0.886733,0.0117304
2.239,0.884525,0.011622
2.24,0.88255,0.0114636
2.241,0.880625,0.0113635
2.242,0.8786,0.0112635
2.243,0.8766,0.0110717
2.244,0.874575,0.011005
2.245,0.872583,0.0111134
2.246,0.870683,0.0108967
2.247,0.8686,0.0107383
2.248,0.866467,0.0106799
2.249,0.86455,0.0107799
2.25,0.862758,0.0109383
2.251,0.860425,0.010855
2.252,0.858733,0.0105215
2.253,0.856567,0.0102714
2.254,0.854508,0.0101963
2.255,0.85255,0.010213
2.256,0.850425,0.0102047
2.257,0.848483,0.0099629
2.258,0.846467,0.0098962
2.259,0.844567,0.00977948
2.26,0.842425,0.00975447
2.261,0.84055,0.00977948
2.262,0.838558,0.0101963
2.263,0.836483,0.0100546
2.264,0.8344,0.0100213
2.265,0.832575,0.00977948
2.266,0.830575,0.0098295
2.267,0.828617,0.00965442
2.268,0.826608,0.00961274
2.269,0.8246,0.009471
2.27,0.822692,0.00945433
2.271,0.820567,0.00915419
2.272,0.818475,0.00905415
2.273,0.816567,0.00900412
2.274,0.814667,0.00897911
2.275,0.812575,0.0089541
2.276,0.810492,0.00882904
2.277,0.808625,0.00921255
2.278,0.8069,0.00914585
2.279,0.804575,0.00930426
2.28,0.802575,0.00912084
2.281,0.800592,0.00891242
2.282,0.798542,0.00877902
2.283,0.796567,0.00871232
2.284,0.794467,0.00865396
2.285,0.792583,0.00867897
2.286,0.790583,0.00854558
2.287,0.7886,0.00856225
2.288,0.78635,0.00840385
2.289,0.784567,0.00840385
2.29,0.782442,0.00823711
2.291,0.780625,0.00822043
2.292,0.778625,0.00823711
2.293,0.77665,0.00822043
2.294,0.774592,0.00816207
2.295,0.7726,0.00860394
2.296,0.770642,0.0086623
2.297,0.768583,0.00854558
2.298,0.766667,0.00824544
2.299,0.764583,0.00829547
2.3,0.762517,0.00838717
2.301,0.760558,0.00822877
2.302,0.758692,0.00815373
2.303,0.75645,0.00816207
2.304,0.7546,0.00802034
2.305,0.752608,0.00792029
2.306,0.750542,0.0077869
2.307,0.748567,0.00781191
2.308,0.746408,0.00780357
2.309,0.74455,0.00787861
2.31,0.742617,0.00811205
2.311,0.74055,0.00821209
2.312,0.738425,0.00793697
2.313,0.73655,0.00788695
2.314,0.734633,0.00780357
2.315,0.73255,0.00763683
2.316,0.730342,0.00774521
2.317,0.728558,0.00779524
2.318,0.726783,0.00766184
2.319,0.724592,0.00757013
2.32,0.722783,0.00767852
2.321,0.720617,0.00757847
2.322,0.718933,0.00760348
2.323,0.716567,0.00742006
2.324,0.714475,0.00747009
2.325,0.712617,0.00745341
2.326,0.710683,0.00744508
2.327,0.70855,0.0074284
2.328,0.706425,0.00740339
2.329,0.7046,0.00741173
2.33,0.702675,0.00737004
2.331,0.700675,0.00731168
2.332,0.698617,0.0073617
2.333,0.696658,0.00731168
2.334,0.694517,0.00748676
2.335,0.69255,0.0073617
2.336,0.690508,0.00731168
2.337,0.6886,0.00739505
2.338,0.686683,0.00716995
2.339,0.684533,0.00715328
2.34,0.682342,0.00711159
2.341,0.680617,0.00721164
2.342,0.678783,0.00734503
2.343,0.676608,0.00732002
2.344,0.674733,0.00714494
2.345,0.672633,0.00709492
2.346,0.670758,0.00716161
2.347,0.668633,0.00725332
2.348,0.66665,0.0071366
2.349,0.664667,0.00714494
2.35,0.662708,0.0070699
2.351,0.660583,0.00696152
2.352,0.65835,0.00686981
2.353,0.656625,0.00692817
2.354,0.654708,0.00682813
2.355,0.652675,0.00683646
2.356,0.650658,0.00683646
2.357,0.64865,0.00687815
2.358,0.646758,0.00721164
2.359,0.644642,0.00712826
2.36,0.642575,0.00673642
2.361,0.640583,0.0069782
2.362,0.6387,0.00691984
2.363,0.636517,0.00689482
2.364,0.634417,0.00681145
2.365,0.632583,0.00687815
2.366,0.630733,0.00680312
2.367,0.628442,0.00676977
2.368,0.62655,0.00673642
2.369,0.6246,0.00675309
2.37,0.622625,0.00680312
2.371,0.6206,0.00664471
2.372,0.618558,0.00657801
2.373,0.616633,0.00659469
2.374,0.614783,0.00658635
2.375,0.612617,0.00662804
2.376,0.610583,0.00660302
2.377,0.608583,0.00657801
2.378,0.6068,0.00669473
2.379,0.604617,0.00670307
2.38,0.602383,0.00666972
2.381,0.600708,0.00667806
2.382,0.598733,0.00663637
2.383,0.596633,0.00654466
2.384,0.594708,0.00651132
2.385,0.592592,0.00659469
2.386,0.590758,0.00641127
2.387,0.588517,0.00656968
2.388,0.586433,0.00645296
2.389,0.584592,0.0063279
2.39,0.582817,0.00640293
2.391,0.580525,0.00633623
2.392,0.578383,0.00640293
2.393,0.576575,0.00638626
2.394,0.5746,0.0062612
2.395,0.572642,0.00631956
2.396,0.570533,0.00646963
2.397,0.568625,0.00643628
2.398,0.566833,0.00637792
2.399,0.564725,0.0063279
2.4,0.562508,0.00621118
2.401,0.560658,0.00629455
2.402,0.558875,0.00623619
2.403,0.5566,0.00621118
2.404,0.554408,0.00625286
2.405,0.552633,0.00626954
2.406,0.550908,0.00616949
2.407,0.548633,0.00613614
2.408,0.546617,0.00631122
2.409,0.54465,0.00611113
2.41,0.5428,0.0061945
2.411,0.540575,0.00610279
2.412,0.538575,0.00656134
2.413,0.536633,0.00641961
2.414,0.53475,0.00613614
2.415,0.532617,0.00608612
2.416,0.53035,0.00602776
2.417,0.528567,0.00610279
2.418,0.526483,0.00606111
2.419,0.524583,0.00591938
2.42,0.522517,0.00586102
2.421,0.520642,0.00591938
2.422,0.518658,0.00610279
2.423,0.516667,0.00599441
2.424,0.514683,0.00599441
2.425,0.512617,0.00599441
2.426,0.510842,0.00606111
2.427,0.508658,0.00596106
2.428,0.506475,0.00593605
2.429,0.504617,0.00575263
2.43,0.502683,0.00583601
2.431,0.500567,0.0057443
2.432,0.498658,0.00581099
2.433,0.496692,0.00580266
2.434,0.494792,0.00571095
2.435,0.492692,0.00586102
2.436,0.490683,0.00591938
2.437,0.488617,0.00581099
2.438,0.48685,0.00568594
2.439,0.484583,0.00551086
2.44,0.48275,0.00559423
2.441,0.480583,0.00558589
2.442,0.478833,0.00541915
2.443,0.476567,0.00539414
2.444,0.4744,0.00536079
2.445,0.472625,0.00539414
2.446,0.47065,0.00561924
2.447,0.468642,0.00569427
2.448,0.466625,0.00563591
2.449,0.464617,0.00560257
2.45,0.462817,0.00551919
2.451,0.460633,0.00556088
2.452,0.458825,0.00549418
2.453,0.456625,0.00551086
2.454,0.454917,0.00541081
2.455,0.452633,0.00532744
2.456,0.450458,0.00524407
2.457,0.4486,0.00505231
2.458,0.446742,0.00507733
2.459,0.444717,0.00500229
2.46,0.442675,0.00501063
2.461,0.440633,0.0050273
2.462,0.438767,0.00518571
2.463,0.436667,0.00528575
2.464,0.43455,0.00511067
2.465,0.432633,0.00506899
2.466,0.43085,0.00495227
2.467,0.428633,0.00498562
2.468,0.426383,0.00501063
2.469,0.4246,0.00491892
2.47,0.422725,0.00485222
2.471,0.420642,0.00478552
2.472,0.418658,0.0048022
2.473,0.416633,0.00479386
2.474,0.414667,0.00470215
2.475,0.412642,0.00470215
2.476,0.410592,0.00464379
2.477,0.40865,0.00463546
2.478,0.406817,0.00462712
2.479,0.404717,0.00461044
2.48,0.402675,0.00471049
2.481,0.400667,0.00465213
2.482,0.398808,0.00465213
2.483,0.396708,0.00465213
2.484,0.394675,0.00459377
2.485,0.392742,0.00459377
2.486,0.390758,0.00452707
2.487,0.388717,0.00441035
2.488,0.3867,0.00443536
2.489,0.384625,0.00431864
2.49,0.38295,0.00446871
2.491,0.380717,0.00430197
2.492,0.378433,0.00424361
2.493,0.376617,0.0042186
2.494,0.3748,0.00423527
2.495,0.372533,0.00422694
2.496,0.370617,0.00424361
2.497,0.368633,0.00420192
2.498,0.366708,0.00430197
2.499,0.3646,0.00427696
2.5,0.362717,0.00413523
2.501,0.360633,0.00416024
2.502,0.3588,0.00423527
2.503,0.356717,0.00432698
2.504,0.354483,0.00430197
2.505,0.3527,0.0042186
2.506,0.350833,0.0042186
2.507,0.348692,0.00401017
2.508,0.346633,0.0039935
2.509,0.34475,0.00397682
2.51,0.342825,0.00393514
2.511,0.340775,0.00401851
2.512,0.338808,0.00405186
2.513,0.336642,0.00410188
2.514,0.334867,0.0039935
2.515,0.332767,0.00400183
2.516,0.330817,0.0039935
2.517,0.328717,0.0039268
2.518,0.326917,0.00393514
2.519,0.32465,0.00393514
2.52,0.322567,0.0038601
2.521,0.320633,0.00387678
2.522,0.318683,0.0038601
2.523,0.316633,0.00376006
2.524,0.314675,0.00366835
2.525,0.312592,0.00375172
2.526,0.310642,0.00383509
2.527,0.308617,0.00381008
2.528,0.3067,0.003635
2.529,0.304617,0.00362666
2.53,0.302867,0.00374338
2.531,0.300767,0.00365167
2.532,0.298558,0.003635
2.533,0.296733,0.00364334
2.534,0.29495,0.00353495
2.535,0.29275,0.00362666
2.536,0.290858,0.0035683
2.537,0.288667,0.00355996
2.538,0.286883,0.0035683
2.539,0.2847,0.00344324
2.54,0.282692,0.00347659
2.541,0.280683,0.00342657
2.542,0.27895,0.00351828
2.543,0.2767,0.00340989
2.544,0.274583,0.00330151
2.545,0.272667,0.00341823
2.546,0.27075,0.00347659
2.547,0.268725,0.00347659
2.548,0.266742,0.00345992
2.549,0.264667,0.00342657
2.55,0.262683,0.00336821
2.551,0.26065,0.00344324
2.552,0.258575,0.00335153
2.553,0.2566,0.00344324
2.554,0.254908,0.00325983
2.555,0.252658,0.00324315
2.556,0.250533,0.00315144
2.557,0.248708,0.00321814
2.558,0.246867,0.00322648
2.559,0.24465,0.00324315
2.56,0.242842,0.00329318
2.561,0.240775,0.00330985
2.562,0.238775,0.00324315
2.563,0.236767,0.00323481
2.564,0.234792,0.00324315
2.565,0.232683,0.00323481
2.566,0.230917,0.0032098
2.567,0.228775,0.00307641
2.568,0.2268,0.00318479
2.569,0.224675,0.00324315
2.57,0.222933,0.00307641
2.571,0.220783,0.00307641
2.572,0.218442,0.00310142
2.573,0.21675,0.00300971
2.574,0.214775,0.00296803
2.575,0.212675,0.00300137
2.576,0.210583,0.00296803
2.577,0.208667,0.00295135
2.578,0.2068,0.00301805
2.579,0.204592,0.00308475
2.58,0.202492,0.00301805
2.581,0.200658,0.0029847
2.582,0.19885,0.00295969
2.583,0.196708,0.002918
2.584,0.194358,0.00297636
2.585,0.192633,0.0029847
2.586,0.1909,0.00285964
2.587,0.188775,0.00286798
2.588,0.18685,0.00280962
2.589,0.18475,0.00280128
2.59,0.182883,0.00280128
2.591,0.180783,0.00282629
2.592,0.178767,0.00283463
2.593,0.176717,0.00285964
2.594,0.174917,0.00289299
2.595,0.172783,0.00288465
2.596,0.170633,0.00281796
2.597,0.1687,0.00284297
2.598,0.16695,0.00282629
2.599,0.16475,0.00285964
2.6,0.162767,0.00279295
2.601,0.160683,0.00274292
2.602,0.1587,0.00278461
2.603,0.156725,0.00277627
2.604,0.15455,0.00274292
2.605,0.15265,0.00278461
2.606,0.15075,0.0026929
2.607,0.148667,0.00268456
2.608,0.146567,0.00270124
2.609,0.144683,0.00274292
2.61,0.1428,0.0026929
2.611,0.140775,0.0026929
2.612,0.138825,0.00265955
2.613,0.136742,0.00268456
2.614,0.1349,0.0026929
2.615,0.132808,0.00258452
2.616,0.130825,0.00260953
2.617,0.128717,0.00255951
2.618,0.126917,0.00268456
2.619,0.124758,0.00259285
2.62,0.122633,0.00255951
2.621,0.120692,0.0026262
2.622,0.118917,0.00255951
2.623,0.116725,0.00249281
2.624,0.114817,0.00255951
2.625,0.112775,0.00245112
2.626,0.1108,0.00251782
2.627,0.108733,0.00256784
2.628,0.106775,0.00250115
2.629,0.104708,0.0024678
2.63,0.102883,0.00244279
2.631,0.100683,0.00245946
2.632,0.0987167,0.00240944
2.633,0.0966333,0.0024678
2.634,0.0948167,0.00241777
2.635,0.0926667,0.00250115
2.636,0.0906083,0.00235941
2.637,0.0887667,0.00229272
2.638,0.0869,0.00235941
2.639,0.0847667,0.00228438
2.64,0.0828833,0.00230939
2.641,0.0807083,0.00224269
2.642,0.0789417,0.00226771
2.643,0.0768,0.00220935
2.644,0.0749083,0.00220101
2.645,0.0727,0.0023344
2.646,0.07095,0.00220101
2.647,0.0687417,0.00231773
2.648,0.0668833,0.00225937
2.649,0.0646833,0.00231773
2.65,0.0629,0.00224269
2.651,0.0608417,0.00228438
2.652,0.0589333,0.00220935
2.653,0.0567167,0.00210096
2.654,0.0549,0.00209263
2.655,0.0527333,0.00201759
2.656,0.0507083,0.0020426
2.657,0.0486167,0.00196757
2.658,0.0468833,0.00201759
2.659,0.0446333,0.00203427
2.66,0.0425,0.00205928
2.661,0.0406833,0.00200092
2.662,0.03895,0.00191754
2.663,0.0367667,0.00186752
2.664,0.0349167,0.00185918
2.665,0.0327083,0.00194256
2.666,0.0309167,0.00196757
2.667,0.02885,0.0018842
2.668,0.0268333,0.0018842
2.669,0.0247167,0.00195089
2.67,0.02295,0.00183417
2.671,0.02085,0.00178415
2.672,0.0187,0.00180082
2.673,0.0167583,0.0016841
2.674,0.0149,0.00163408
2.675,0.0128667,0.00160907
2.676,0.0108583,0.00164242
2.677,0.00875,0.0015924
2.678,0.00685833,0.00162574
2.679,0.00475833,0.00150902
2.68,0.00273333,0.00156738
2.681,0.000641667,0.00148401
2.682,-0.00114167,0.00155071
2.683,-0.0033,0.00141732
2.684,-0.00536667,0.00141732
2.685,-0.007325,0.00140898
2.686,-0.00924167,0.00140064
2.687,-0.0113417,0.0013923
2.688,-0.0132,0.00136729
2.689,-0.015175,0.00134228
2.69,-0.0171167,0.00129226
2.691,-0.0191083,0.00118388
2.692,-0.0211,0.00115053
2.693,-0.0232167,0.0012339
2.694,-0.0250333,0.00117554
2.695,-0.027175,0.00105048
2.696,-0.0291,0.00105048
2.697,-0.0312833,0.00107549
2.698,-0.033175,0.00106716
2.699,-0.0352583,0.00106716
2.7,-0.03755,0.00103381
2.701,-0.039175,0.00100046
2.702,-0.0410917,0.000992121
2.703,-0.0431083,0.000917087
2.704,-0.0450417,0.000908749
2.705,-0.047225,0.000825378
2.706,-0.04905,0.000867064
2.707,-0.0512,0.000883738
2.708,-0.0531333,0.000792029
2.709,-0.0552667,0.000700321
2.71,-0.0571167,0.000742006
2.711,-0.05935,0.000666972
2.712,-0.0614167,0.000641961
2.713,-0.0633333,0.000583601
2.714,-0.0651833,0.000550252
2.715,-0.0671583,0.000525241
2.716,-0.0690917,0.000558589
2.717,-0.0712083,0.000458543
2.718,-0.0730667,0.000425195
2.719,-0.0750833,0.00040852
2.72,-0.0770667,0.00040852
2.721,-0.0792167,0.000341823
2.722,-0.0810667,0.00035016
2.723,-0.0830833,0.000258452
2.724,-0.0851083,0.000216766
2.725,-0.08725,0.000158406
2.726,-0.0890667,0.00023344
2.727,-0.0911333,0.000150069
2.728,-0.0931333,5.00229e-05
2.729,-0.09515,5.00229e-05
2.73,-0.0970917,1.66743e-05
2.731,-0.0990833,3.33486e-05
2.732,-0.101092,-1.66743e-05
2.733,-0.103283,-0.00011672
2.734,-0.10505,-0.000100046
2.735,-0.107225,-8.33715e-05
2.736,-0.109308,-0.000100046
2.737,-0.111258,-0.00017508
2.738,-0.113308,-0.000300137
2.739,-0.115192,-0.000258452
2.74,-0.1172,-0.00040852
2.741,-0.119242,-0.000391846
2.742,-0.121117,-0.000475218
2.743,-0.123183,-0.000433532
2.744,-0.12505,-0.000491892
2.745,-0.127183,-0.000708658
2.746,-0.129,-0.000675309
2.747,-0.131067,-0.000725332
2.748,-0.133092,-0.000758681
2.749,-0.135175,-0.000850389
2.75,-0.137033,-0.000883738
2.751,-0.139225,-0.000908749
2.752,-0.141042,-0.000983784
2.753,-0.14315,-0.00106716
2.754,-0.145075,-0.00107549
2.755,-0.147142,-0.0011005
2.756,-0.149058,-0.0011672
2.757,-0.151242,-0.00130893
2.758,-0.153033,-0.00135896
2.759,-0.15515,-0.00141732
2.76,-0.157142,-0.0015257
2.761,-0.159267,-0.0015924
2.762,-0.161058,-0.00165076
2.763,-0.163242,-0.00172579
2.764,-0.165633,-0.00178415
2.765,-0.1672,-0.00185085
2.766,-0.169175,-0.00189253
2.767,-0.17115,-0.00198424
2.768,-0.173142,-0.00210096
2.769,-0.17525,-0.00219267
2.77,-0.177083,-0.00226771
2.771,-0.179192,-0.00231773
2.772,-0.181092,-0.00240944
2.773,-0.183183,-0.0024678
2.774,-0.18505,-0.00265955
2.775,-0.187033,-0.00265121
2.776,-0.189025,-0.00276793
2.777,-0.191292,-0.00292634
2.778,-0.193125,-0.00305973
2.779,-0.195083,-0.00300971
2.78,-0.197117,-0.00310976
2.781,-0.199125,-0.00324315
2.782,-0.201083,-0.00338488
2.783,-0.203083,-0.00345992
2.784,-0.20515,-0.00358497
2.785,-0.207192,-0.00361832
2.786,-0.209117,-0.0037017
2.787,-0.211242,-0.00387678
2.788,-0.213458,-0.00394347
2.789,-0.215317,-0.00403518
2.79,-0.21705,-0.00426028
2.791,-0.219158,-0.00436033
2.792,-0.2212,-0.00448539
2.793,-0.2232,-0.00453541
2.794,-0.225125,-0.00464379
2.795,-0.227117,-0.00487723
2.796,-0.229175,-0.00488557
2.797,-0.231233,-0.00501897
2.798,-0.233067,-0.00523573
2.799,-0.235108,-0.00529409
2.8,-0.2371,-0.0054525
2.801,-0.239217,-0.00556088
2.802,-0.241008,-0.00565259
2.803,-0.243008,-0.00584434
2.804,-0.245042,-0.00591104
2.805,-0.247108,-0.00609446
2.806,-0.249167,-0.00616115
2.807,-0.251017,-0.00638626
2.808,-0.253125,-0.00642794
2.809,-0.255208,-0.00654466
2.81,-0.257067,-0.00663637
2.811,-0.259175,-0.0069115
2.812,-0.261242,-0.00694485
2.813,-0.263267,-0.00712826
2.814,-0.265083,-0.00719496
2.815,-0.267267,-0.00739505
2.816,-0.269133,-0.00757013
2.817,-0.2712,-0.00777022
2.818,-0.273175,-0.00806203
2.819,-0.275183,-0.00808704
2.82,-0.277133,-0.00827879
2.821,-0.279242,-0.00836216
2.822,-0.281133,-0.0085956
2.823,-0.283133,-0.00874567
2.824,-0.28505,-0.00887073
2.825,-0.287258,-0.00907082
2.826,-0.289033,-0.00927925
2.827,-0.291067,-0.00946267
2.828,-0.293158,-0.00957105
2.829,-0.295067,-0.00983784
2.83,-0.297117,-0.00992121
2.831,-0.299117,-0.010188
2.832,-0.301117,-0.0103464
2.833,-0.303183,-0.0105548
2.834,-0.304992,-0.0107299
2.835,-0.3071,-0.010955
2.836,-0.30905,-0.0110967
2.837,-0.311233,-0.0113302
2.838,-0.313025,-0.0114886
2.839,-0.315208,-0.011647
2.84,-0.317417,-0.0119555
2.841,-0.319283,-0.0121472
2.842,-0.32115,-0.0123056
2.843,-0.323108,-0.0125724
2.844,-0.325142,-0.0128309
2.845,-0.327233,-0.0129393
2.846,-0.329083,-0.0131894
2.847,-0.3312,-0.0133728
2.848,-0.333158,-0.0136396
2.849,-0.335208,-0.0138647
2.85,-0.33705,-0.0141148
2.851,-0.33905,-0.0143232
2.852,-0.341033,-0.0144816
2.853,-0.34325,-0.0147317
2.854,-0.34505,-0.0149568
2.855,-0.347075,-0.015232
2.856,-0.34905,-0.015332
2.857,-0.351025,-0.0157572
2.858,-0.353067,-0.0160073
2.859,-0.355042,-0.016074
2.86,-0.3571,-0.0164075
2.861,-0.359267,-0.0165242
2.862,-0.36105,-0.0167743
2.863,-0.363183,-0.0169995
2.864,-0.365067,-0.0172579
2.865,-0.3672,-0.0175497
2.866,-0.369133,-0.0178082
2.867,-0.371075,-0.0180166
2.868,-0.373133,-0.0182834
2.869,-0.375217,-0.0185001
2.87,-0.377108,-0.0187169
2.871,-0.379133,-0.018967
2.872,-0.381208,-0.0192005
2.873,-0.383275,-0.0194589
2.874,-0.385058,-0.0196257
2.875,-0.387167,-0.0198841
2.876,-0.389092,-0.0201259
2.877,-0.391217,-0.0203593
2.878,-0.393033,-0.0205678
2.879,-0.395167,-0.0207512
2.88,-0.397042,-0.0210263
2.881,-0.3991,-0.0213181
2.882,-0.400917,-0.0214098
2.883,-0.403117,-0.0216933
2.884,-0.405042,-0.0219434
2.885,-0.407058,-0.0221685
2.886,-0.409017,-0.0222602
2.887,-0.411075,-0.022477
2.888,-0.413067,-0.0227187
2.889,-0.415192,-0.0229188
2.89,-0.417083,-0.0230772
2.891,-0.419133,-0.0233774
2.892,-0.421017,-0.0235358
2.893,-0.423058,-0.0237609
2.894,-0.425067,-0.023936
2.895,-0.427125,-0.0240694
2.896,-0.429158,-0.0242278
2.897,-0.431175,-0.0244362
2.898,-0.433133,-0.0245279
2.899,-0.435192,-0.0247447
2.9,-0.437167,-0.0249031
2.901,-0.439175,-0.0251032
2.902,-0.44105,-0.0252199
2.903,-0.4431,-0.0253533
2.904,-0.445083,-0.0255033
2.905,-0.447108,-0.0256117
2.906,-0.449,-0.0257535
2.907,-0.450967,-0.0258535
2.908,-0.453,-0.0260453
2.909,-0.455142,-0.0261203
2.91,-0.456958,-0.026187
2.911,-0.459017,-0.0263371
2.912,-0.461142,-0.0264705
2.913,-0.463175,-0.0265872
2.914,-0.465,-0.0265622
2.915,-0.466967,-0.0267706
2.916,-0.469033,-0.0268206
2.917,-0.471125,-0.026879
2.918,-0.472967,-0.0268957
2.919,-0.475067,-0.0270124
2.92,-0.477067,-0.0271208
2.921,-0.479133,-0.0271958
2.922,-0.481108,-0.0272041
2.923,-0.483108,-0.0272708
2.924,-0.485117,-0.0272958
2.925,-0.487192,-0.0273625
2.926,-0.48905,-0.0273292
2.927,-0.4911,-0.0273625
2.928,-0.493183,-0.0273792
2.929,-0.495233,-0.0274542
2.93,-0.497117,-0.0274042
2.931,-0.49895,-0.0274792
2.932,-0.500983,-0.0275209
2.933,-0.502967,-0.0274376
2.934,-0.504992,-0.0274959
2.935,-0.506917,-0.0274709
2.936,-0.508967,-0.0275126
2.937,-0.511133,-0.0274292
2.938,-0.513,-0.0273542
2.939,-0.515025,-0.0273542
2.94,-0.517033,-0.0273542
2.941,-0.519167,-0.0273375
2.942,-0.520925,-0.0273208
2.943,-0.523083,-0.0273459
2.944,-0.524975,-0.0272875
2.945,-0.526992,-0.0272375
2.946,-0.529025,-0.0272125
2.947,-0.531058,-0.0271958
2.948,-0.533067,-0.0270707
2.949,-0.535167,-0.0270874
2.95,-0.537075,-0.0269957
2.951,-0.539075,-0.0270374
2.952,-0.541067,-0.0269207
2.953,-0.543142,-0.026879
2.954,-0.545067,-0.0267456
2.955,-0.547075,-0.0266872
2.956,-0.54905,-0.0266205
2.957,-0.551058,-0.0266205
2.958,-0.552942,-0.0264871
2.959,-0.5549,-0.0263954
2.96,-0.55695,-0.0263454
2.961,-0.5591,-0.026312
2.962,-0.560933,-0.0262287
2.963,-0.563017,-0.0261453
2.964,-0.565017,-0.0260119
2.965,-0.567233,-0.0260203
2.966,-0.568975,-0.0258869
2.967,-0.57105,-0.0257868
2.968,-0.573067,-0.0257951
2.969,-0.57515,-0.0257034
2.97,-0.577017,-0.0256951
2.971,-0.579,-0.0254366
2.972,-0.580975,-0.02537
2.973,-0.583075,-0.0254283
2.974,-0.585,-0.0253283
2.975,-0.587017,-0.0252699
2.976,-0.589017,-0.0251115
2.977,-0.591175,-0.0250531
2.978,-0.593017,-0.0250365
2.979,-0.594992,-0.0249448
2.98,-0.59715,-0.0247864
2.981,-0.59925,-0.0246696
2.982,-0.601017,-0.024678
2.983,-0.602992,-0.0245696
2.984,-0.604975,-0.0245112
2.985,-0.607067,-0.0244195
2.986,-0.608983,-0.0243195
2.987,-0.611,-0.0242611
2.988,-0.612933,-0.0240944
2.989,-0.615017,-0.0240527
2.99,-0.616967,-0.023911
2.991,-0.618967,-0.0238359
2.992,-0.62095,-0.0237275
2.993,-0.62295,-0.0236942
2.994,-0.624875,-0.0236025
2.995,-0.6267,-0.0235191
2.996,-0.628967,-0.0234607
2.997,-0.630975,-0.0233524
2.998,-0.632983,-0.023244
2.999,-0.635,-0.0231689
3.0,-0.636975,-0.0230856
3.001,-0.639175,-0.0230439
